image_name,label
0,25
1,5
2,16
3,5
4,22
5,14
6,7
7,2
8,12
9,13
10,25
11,16
12,22
13,23
14,2
15,6
16,12
17,22
18,6
19,22
20,6
21,8
22,32
23,15
24,13
25,11
26,34
27,12
28,8
29,2
30,16
31,12
32,33
33,6
34,15
35,13
36,8
37,13
38,12
39,14
40,16
41,13
42,4
43,22
44,15
45,15
46,34
47,2
48,23
49,13
50,3
51,7
52,14
53,25
54,6
55,4
56,23
57,23
58,15
59,3
60,34
61,16
62,14
63,23
64,23
65,12
66,4
67,5
68,2
69,7
70,33
71,3
72,7
73,11
74,15
75,22
76,33
77,8
78,11
79,11
80,23
81,12
82,15
83,16
84,11
85,14
86,32
87,23
88,33
89,8
90,2
91,23
92,33
93,3
94,8
95,32
96,22
97,25
98,22
99,25
100,25
101,34
102,15
103,6
104,5
105,23
106,33
107,33
108,15
109,8
110,23
111,34
112,5
113,13
114,25
115,13
116,16
117,12
118,22
119,4
120,12
121,15
122,25
123,8
124,6
125,2
126,33
127,12
128,2
129,23
130,3
131,7
132,8
133,14
134,5
135,13
136,2
137,2
138,34
139,5
140,32
141,4
142,23
143,15
144,33
145,7
146,22
147,16
148,22
149,15
150,2
151,5
152,25
153,2
154,22
155,23
156,11
157,32
158,23
159,23
160,14
161,16
162,33
163,22
164,25
165,5
166,6
167,23
168,12
169,33
170,16
171,23
172,11
173,23
174,4
175,16
176,32
177,4
178,6
179,8
180,23
181,8
182,34
183,13
184,13
185,23
186,7
187,22
188,14
189,11
190,3
191,6
192,32
193,2
194,5
195,23
196,23
197,15
198,8
199,11
200,12
201,14
202,32
203,23
204,22
205,16
206,2
207,15
208,23
209,32
210,14
211,33
212,12
213,22
214,23
215,12
216,6
217,32
218,14
219,6
220,22
221,22
222,16
223,2
224,22
225,7
226,23
227,23
228,23
229,33
230,5
231,5
232,34
233,2
234,22
235,5
236,34
237,32
238,32
239,15
240,32
241,7
242,5
243,32
244,8
245,5
246,23
247,22
248,6
249,13
250,12
251,32
252,16
253,34
254,33
255,32
256,33
257,34
258,4
259,23
260,8
261,16
262,22
263,23
264,33
265,7
266,15
267,22
268,12
269,34
270,12
271,12
272,8
273,4
274,5
275,7
276,7
277,3
278,8
279,7
280,2
281,2
282,13
283,5
284,23
285,23
286,34
287,3
288,13
289,32
290,32
291,34
292,14
293,8
294,5
295,6
296,8
297,2
298,5
299,34
300,4
301,3
302,16
303,14
304,34
305,15
306,16
307,3
308,8
309,11
310,2
311,16
312,34
313,11
314,6
315,14
316,15
317,33
318,3
319,4
320,6
321,32
322,16
323,4
324,23
325,33
326,33
327,23
328,14
329,34
330,8
331,13
332,11
333,6
334,7
335,15
336,15
337,25
338,33
339,15
340,2
341,22
342,16
343,8
344,7
345,4
346,2
347,8
348,11
349,6
350,8
351,4
352,32
353,7
354,33
355,23
356,25
357,33
358,11
359,7
360,3
361,23
362,7
363,22
364,33
365,8
366,3
367,2
368,15
369,3
370,25
371,23
372,22
373,33
374,15
375,12
376,2
377,34
378,23
379,8
380,6
381,11
382,13
383,23
384,5
385,16
386,3
387,14
388,33
389,3
390,13
391,12
392,4
393,3
394,6
395,13
396,14
397,23
398,14
399,11
400,4
401,12
402,15
403,32
404,8
405,7
406,25
407,8
408,5
409,2
410,16
411,22
412,2
413,12
414,2
415,34
416,13
417,3
418,22
419,3
420,12
421,23
422,13
423,22
424,12
425,16
426,34
427,22
428,22
429,23
430,16
431,12
432,2
433,32
434,13
435,33
436,7
437,6
438,22
439,23
440,4
441,7
442,8
443,23
444,33
445,11
446,33
447,33
448,15
449,12
450,5
451,11
452,16
453,8
454,15
455,32
456,23
457,25
458,14
459,12
460,16
461,15
462,33
463,12
464,12
465,3
466,7
467,13
468,5
469,2
470,14
471,14
472,23
473,2
474,3
475,13
476,13
477,33
478,25
479,25
480,6
481,22
482,5
483,14
484,16
485,4
486,3
487,33
488,15
489,14
490,14
491,6
492,11
493,7
494,34
495,23
496,33
497,33
498,2
499,5
500,23
501,3
502,22
503,6
504,33
505,25
506,16
507,2
508,34
509,33
510,11
511,25
512,32
513,13
514,7
515,22
516,4
517,5
518,7
519,13
520,12
521,12
522,15
523,2
524,32
525,25
526,4
527,23
528,22
529,4
530,22
531,22
532,34
533,5
534,23
535,8
536,14
537,3
538,2
539,22
540,4
541,23
542,2
543,34
544,16
545,16
546,23
547,15
548,8
549,5
550,22
551,2
552,23
553,15
554,4
555,12
556,7
557,23
558,23
559,8
560,7
561,13
562,4
563,4
564,22
565,15
566,6
567,11
568,25
569,32
570,12
571,32
572,22
573,23
574,34
575,6
576,15
577,16
578,8
579,12
580,22
581,12
582,12
583,2
584,33
585,25
586,13
587,12
588,25
589,4
590,33
591,13
592,23
593,6
594,5
595,11
596,3
597,5
598,15
599,6
600,16
601,7
602,15
603,22
604,12
605,5
606,34
607,33
608,16
609,25
610,23
611,13
612,14
613,12
614,12
615,2
616,25
617,15
618,25
619,23
620,3
621,25
622,6
623,7
624,23
625,16
626,12
627,15
628,16
629,25
630,5
631,23
632,25
633,4
634,22
635,13
636,13
637,7
638,6
639,4
640,23
641,6
642,33
643,12
644,5
645,5
646,23
647,23
648,15
649,15
650,23
651,16
652,7
653,5
654,6
655,6
656,11
657,23
658,23
659,22
660,7
661,16
662,3
663,23
664,15
665,14
666,23
667,16
668,5
669,3
670,2
671,23
672,11
673,12
674,33
675,2
676,32
677,4
678,34
679,7
680,5
681,7
682,32
683,13
684,25
685,11
686,6
687,8
688,5
689,23
690,11
691,34
692,15
693,16
694,23
695,3
696,34
697,22
698,7
699,15
700,16
701,33
702,33
703,25
704,15
705,14
706,32
707,12
708,15
709,5
710,32
711,6
712,25
713,33
714,34
715,5
716,7
717,16
718,23
719,33
720,3
721,6
722,8
723,34
724,5
725,25
726,32
727,23
728,5
729,14
730,2
731,25
732,2
733,34
734,8
735,12
736,13
737,15
738,14
739,23
740,6
741,22
742,34
743,16
744,11
745,13
746,7
747,12
748,5
749,33
750,33
751,3
752,6
753,2
754,16
755,22
756,22
757,16
758,3
759,8
760,14
761,3
762,12
763,15
764,14
765,15
766,8
767,3
768,25
769,23
770,22
771,15
772,12
773,3
774,5
775,25
776,33
777,2
778,33
779,25
780,8
781,16
782,4
783,34
784,25
785,12
786,22
787,6
788,34
789,11
790,25
791,2
792,33
793,7
794,33
795,23
796,22
797,4
798,6
799,23
800,3
801,33
802,12
803,16
804,16
805,25
806,33
807,23
808,14
809,8
810,25
811,8
812,12
813,2
814,4
815,7
816,15
817,13
818,14
819,7
820,13
821,22
822,33
823,25
824,8
825,6
826,4
827,11
828,3
829,25
830,6
831,15
832,8
833,5
834,7
835,23
836,7
837,13
838,34
839,11
840,3
841,14
842,23
843,34
844,7
845,23
846,5
847,23
848,8
849,11
850,23
851,5
852,32
853,5
854,16
855,5
856,16
857,5
858,14
859,5
860,7
861,12
862,13
863,16
864,14
865,23
866,22
867,34
868,2
869,33
870,6
871,15
872,2
873,34
874,12
875,4
876,8
877,8
878,13
879,14
880,12
881,4
882,11
883,16
884,13
885,8
886,2
887,3
888,25
889,2
890,14
891,13
892,32
893,23
894,34
895,4
896,15
897,12
898,3
899,6
900,5
901,6
902,12
903,3
904,4
905,32
906,4
907,12
908,23
909,23
910,5
911,23
912,7
913,2
914,8
915,14
916,4
917,16
918,13
919,7
920,25
921,16
922,4
923,11
924,15
925,15
926,14
927,34
928,12
929,8
930,25
931,5
932,7
933,15
934,23
935,34
936,15
937,13
938,23
939,7
940,33
941,34
942,22
943,15
944,23
945,8
946,23
947,5
948,25
949,3
950,4
951,34
952,12
953,14
954,33
955,25
956,25
957,32
958,34
959,13
960,6
961,23
962,6
963,16
964,16
965,5
966,5
967,6
968,32
969,13
970,13
971,4
972,25
973,25
974,34
975,32
976,22
977,4
978,7
979,15
980,7
981,13
982,33
983,11
984,13
985,23
986,15
987,12
988,11
989,5
990,32
991,11
992,23
993,12
994,32
995,11
996,4
997,23
998,13
999,11
1000,15
1001,7
1002,12
1003,14
1004,34
1005,16
1006,33
1007,33
1008,2
1009,25
1010,16
1011,22
1012,22
1013,23
1014,14
1015,34
1016,16
1017,14
1018,7
1019,12
1020,11
1021,14
1022,15
1023,11
1024,13
1025,23
1026,8
1027,15
1028,25
1029,6
1030,11
1031,5
1032,13
1033,23
1034,4
1035,14
1036,13
1037,16
1038,3
1039,25
1040,23
1041,5
1042,33
1043,2
1044,23
1045,16
1046,2
1047,5
1048,7
1049,7
1050,13
1051,14
1052,7
1053,15
1054,8
1055,15
1056,12
1057,14
1058,34
1059,3
1060,3
1061,23
1062,3
1063,12
1064,15
1065,16
1066,25
1067,33
1068,23
1069,16
1070,12
1071,25
1072,14
1073,6
1074,3
1075,2
1076,14
1077,23
1078,7
1079,16
1080,11
1081,15
1082,5
1083,2
1084,12
1085,32
1086,15
1087,6
1088,8
1089,4
1090,15
1091,12
1092,23
1093,14
1094,6
1095,14
1096,7
1097,6
1098,23
1099,4
1100,4
1101,4
1102,12
1103,2
1104,2
1105,8
1106,34
1107,25
1108,13
1109,23
1110,5
1111,33
1112,13
1113,2
1114,14
1115,16
1116,34
1117,8
1118,33
1119,11
1120,11
1121,22
1122,3
1123,25
1124,8
1125,8
1126,11
1127,7
1128,3
1129,5
1130,7
1131,13
1132,16
1133,12
1134,2
1135,11
1136,12
1137,8
1138,23
1139,15
1140,7
1141,15
1142,8
1143,11
1144,3
1145,34
1146,34
1147,23
1148,5
1149,7
1150,3
1151,23
1152,13
1153,33
1154,13
1155,33
1156,12
1157,15
1158,8
1159,8
1160,14
1161,25
1162,25
1163,16
1164,3
1165,33
1166,34
1167,34
1168,34
1169,32
1170,16
1171,13
1172,23
1173,16
1174,3
1175,23
1176,15
1177,2
1178,23
1179,8
1180,23
1181,15
1182,11
1183,16
1184,8
1185,25
1186,23
1187,7
1188,25
1189,23
1190,33
1191,34
1192,23
1193,12
1194,12
1195,25
1196,14
1197,4
1198,33
1199,23
1200,13
1201,13
1202,12
1203,13
1204,13
1205,33
1206,7
1207,4
1208,11
1209,2
1210,12
1211,33
1212,3
1213,32
1214,16
1215,5
1216,22
1217,15
1218,7
1219,12
1220,23
1221,5
1222,32
1223,11
1224,16
1225,7
1226,32
1227,6
1228,7
1229,22
1230,13
1231,15
1232,23
1233,33
1234,4
1235,6
1236,12
1237,3
1238,25
1239,5
1240,16
1241,8
1242,16
1243,23
1244,13
1245,2
1246,12
1247,16
1248,34
1249,33
1250,3
1251,3
1252,11
1253,2
1254,2
1255,16
1256,5
1257,5
1258,11
1259,4
1260,12
1261,12
1262,23
1263,2
1264,33
1265,4
1266,13
1267,2
1268,2
1269,22
1270,2
1271,16
1272,7
1273,23
1274,22
1275,7
1276,4
1277,8
1278,5
1279,3
1280,13
1281,3
1282,34
1283,12
1284,23
1285,4
1286,14
1287,33
1288,23
1289,23
1290,7
1291,11
1292,32
1293,22
1294,2
1295,22
1296,22
1297,15
1298,22
1299,6
1300,6
1301,14
1302,5
1303,5
1304,4
1305,6
1306,14
1307,2
1308,13
1309,16
1310,6
1311,13
1312,22
1313,33
1314,7
1315,3
1316,13
1317,16
1318,22
1319,15
1320,23
1321,23
1322,34
1323,5
1324,14
1325,14
1326,8
1327,13
1328,33
1329,23
1330,3
1331,3
1332,23
1333,16
1334,4
1335,2
1336,22
1337,25
1338,23
1339,23
1340,3
1341,2
1342,13
1343,23
1344,23
1345,25
1346,32
1347,5
1348,23
1349,12
1350,25
1351,34
1352,14
1353,15
1354,11
1355,34
1356,4
1357,16
1358,3
1359,11
1360,22
1361,6
1362,23
1363,4
1364,33
1365,5
1366,3
1367,7
1368,23
1369,15
1370,5
1371,25
1372,8
1373,15
1374,22
1375,2
1376,3
1377,5
1378,6
1379,16
1380,8
1381,23
1382,2
1383,25
1384,16
1385,8
1386,6
1387,8
1388,4
1389,22
1390,12
1391,23
1392,14
1393,33
1394,4
1395,23
1396,15
1397,13
1398,8
1399,16
1400,34
1401,3
1402,2
1403,34
1404,34
1405,34
1406,32
1407,8
1408,34
1409,5
1410,22
1411,32
1412,5
1413,25
1414,2
1415,2
1416,23
1417,7
1418,3
1419,15
1420,7
1421,22
1422,8
1423,25
1424,33
1425,13
1426,6
1427,6
1428,12
1429,23
1430,12
1431,7
1432,16
1433,11
1434,3
1435,6
1436,25
1437,2
1438,16
1439,14
1440,6
1441,16
1442,4
1443,5
1444,32
1445,16
1446,32
1447,23
1448,5
1449,3
1450,23
1451,2
1452,6
1453,5
1454,34
1455,5
1456,22
1457,12
1458,34
1459,7
1460,22
1461,8
1462,22
1463,4
1464,33
1465,14
1466,2
1467,5
1468,33
1469,16
1470,2
1471,14
1472,23
1473,15
1474,4
1475,14
1476,4
1477,6
1478,34
1479,32
1480,32
1481,11
1482,3
1483,14
1484,13
1485,7
1486,7
1487,32
1488,25
1489,4
1490,6
1491,11
1492,33
1493,32
1494,16
1495,7
1496,16
1497,25
1498,4
1499,7
1500,33
1501,7
1502,4
1503,2
1504,2
1505,25
1506,16
1507,32
1508,23
1509,25
1510,8
1511,11
1512,11
1513,22
1514,4
1515,23
1516,11
1517,2
1518,6
1519,7
1520,7
1521,34
1522,15
1523,6
1524,2
1525,11
1526,13
1527,3
1528,11
1529,7
1530,23
1531,15
1532,7
1533,11
1534,23
1535,34
1536,33
1537,13
1538,7
1539,22
1540,22
1541,4
1542,16
1543,8
1544,16
1545,8
1546,16
1547,15
1548,7
1549,23
1550,13
1551,11
1552,23
1553,34
1554,3
1555,15
1556,7
1557,5
1558,3
1559,15
1560,6
1561,5
1562,22
1563,8
1564,5
1565,32
1566,7
1567,14
1568,6
1569,22
1570,6
1571,34
1572,13
1573,34
1574,25
1575,16
1576,34
1577,4
1578,3
1579,3
1580,3
1581,23
1582,15
1583,13
1584,23
1585,12
1586,13
1587,4
1588,14
1589,16
1590,3
1591,7
1592,3
1593,16
1594,11
1595,2
1596,4
1597,4
1598,14
1599,2
1600,13
1601,2
1602,34
1603,12
1604,32
1605,34
1606,7
1607,13
1608,7
1609,5
1610,15
1611,34
1612,15
1613,11
1614,23
1615,13
1616,13
1617,22
1618,34
1619,16
1620,4
1621,23
1622,12
1623,3
1624,7
1625,33
1626,12
1627,22
1628,11
1629,25
1630,12
1631,4
1632,3
1633,11
1634,4
1635,33
1636,13
1637,12
1638,23
1639,4
1640,14
1641,8
1642,14
1643,5
1644,14
1645,6
1646,14
1647,12
1648,11
1649,23
1650,7
1651,13
1652,32
1653,33
1654,4
1655,33
1656,15
1657,5
1658,16
1659,7
1660,5
1661,22
1662,15
1663,15
1664,15
1665,6
1666,33
1667,25
1668,22
1669,14
1670,23
1671,3
1672,33
1673,15
1674,16
1675,13
1676,32
1677,6
1678,22
1679,23
1680,23
1681,3
1682,11
1683,22
1684,6
1685,12
1686,4
1687,11
1688,23
1689,34
1690,2
1691,6
1692,8
1693,16
1694,2
1695,16
1696,3
1697,13
1698,34
1699,6
1700,23
1701,2
1702,12
1703,8
1704,5
1705,23
1706,13
1707,16
1708,2
1709,11
1710,25
1711,11
1712,25
1713,16
1714,12
1715,7
1716,6
1717,23
1718,7
1719,25
1720,22
1721,22
1722,12
1723,5
1724,23
1725,16
1726,34
1727,5
1728,11
1729,15
1730,23
1731,5
1732,12
1733,22
1734,7
1735,23
1736,11
1737,22
1738,33
1739,7
1740,23
1741,7
1742,14
1743,23
1744,23
1745,15
1746,2
1747,2
1748,11
1749,23
1750,22
1751,11
1752,25
1753,2
1754,34
1755,6
1756,7
1757,13
1758,14
1759,34
1760,4
1761,2
1762,13
1763,32
1764,4
1765,5
1766,23
1767,25
1768,13
1769,23
1770,32
1771,4
1772,6
1773,14
1774,25
1775,15
1776,25
1777,5
1778,32
1779,23
1780,3
1781,2
1782,12
1783,23
1784,23
1785,12
1786,3
1787,23
1788,8
1789,33
1790,23
1791,6
1792,15
1793,4
1794,11
1795,22
1796,8
1797,16
1798,22
1799,33
1800,23
1801,7
1802,14
1803,11
1804,33
1805,15
1806,25
1807,32
1808,7
1809,6
1810,3
1811,33
1812,5
1813,15
1814,22
1815,32
1816,4
1817,33
1818,2
1819,22
1820,4
1821,22
1822,2
1823,32
1824,5
1825,25
1826,33
1827,13
1828,32
1829,25
1830,6
1831,5
1832,14
1833,11
1834,22
1835,6
1836,25
1837,32
1838,12
1839,23
1840,14
1841,6
1842,22
1843,6
1844,25
1845,15
1846,8
1847,5
1848,8
1849,33
1850,13
1851,7
1852,5
1853,11
1854,5
1855,33
1856,8
1857,33
1858,23
1859,25
1860,34
1861,16
1862,5
1863,11
1864,11
1865,3
1866,23
1867,23
1868,25
1869,32
1870,23
1871,14
1872,3
1873,2
1874,5
1875,12
1876,3
1877,5
1878,7
1879,2
1880,13
1881,2
1882,23
1883,8
1884,33
1885,23
1886,15
1887,16
1888,2
1889,3
1890,6
1891,23
1892,5
1893,15
1894,13
1895,2
1896,11
1897,16
1898,4
1899,8
1900,5
1901,11
1902,16
1903,25
1904,2
1905,14
1906,32
1907,34
1908,16
1909,7
1910,3
1911,34
1912,14
1913,2
1914,14
1915,7
1916,13
1917,34
1918,32
1919,32
1920,2
1921,4
1922,15
1923,6
1924,32
1925,4
1926,3
1927,22
1928,23
1929,5
1930,23
1931,8
1932,25
1933,15
1934,14
1935,13
1936,23
1937,22
1938,13
1939,8
1940,22
1941,5
1942,22
1943,14
1944,16
1945,11
1946,16
1947,33
1948,12
1949,13
1950,6
1951,23
1952,16
1953,6
1954,23
1955,33
1956,2
1957,7
1958,7
1959,14
1960,15
1961,5
1962,12
1963,22
1964,2
1965,34
1966,16
1967,12
1968,14
1969,8
1970,8
1971,11
1972,11
1973,32
1974,8
1975,7
1976,8
1977,13
1978,32
1979,6
1980,7
1981,25
1982,12
1983,13
1984,7
1985,33
1986,3
1987,4
1988,7
1989,23
1990,16
1991,14
1992,12
1993,22
1994,15
1995,4
1996,12
1997,8
1998,23
1999,8
2000,11
2001,25
2002,2
2003,13
2004,4
2005,3
2006,8
2007,23
2008,5
2009,7
2010,23
2011,23
2012,6
2013,22
2014,16
2015,8
2016,12
2017,12
2018,12
2019,12
2020,4
2021,7
2022,22
2023,2
2024,11
2025,13
2026,34
2027,25
2028,7
2029,23
2030,7
2031,2
2032,22
2033,6
2034,15
2035,6
2036,6
2037,4
2038,13
2039,23
2040,23
2041,7
2042,15
2043,15
2044,2
2045,25
2046,16
2047,16
2048,3
2049,23
2050,22
2051,11
2052,4
2053,14
2054,23
2055,11
2056,22
2057,33
2058,25
2059,14
2060,13
2061,13
2062,25
2063,34
2064,11
2065,12
2066,5
2067,33
2068,23
2069,14
2070,4
2071,3
2072,25
2073,5
2074,13
2075,16
2076,14
2077,32
2078,15
2079,34
2080,4
2081,6
2082,22
2083,11
2084,22
2085,33
2086,7
2087,7
2088,5
2089,32
2090,13
2091,7
2092,23
2093,23
2094,3
2095,15
2096,4
2097,15
2098,23
2099,2
2100,6
2101,12
2102,3
2103,23
2104,6
2105,11
2106,33
2107,5
2108,14
2109,13
2110,2
2111,15
2112,33
2113,16
2114,13
2115,32
2116,33
2117,12
2118,23
2119,8
2120,8
2121,33
2122,14
2123,15
2124,7
2125,23
2126,12
2127,32
2128,32
2129,7
2130,25
2131,16
2132,22
2133,2
2134,14
2135,33
2136,7
2137,7
2138,4
2139,6
2140,3
2141,11
2142,4
2143,32
2144,14
2145,23
2146,12
2147,32
2148,4
2149,16
2150,13
2151,12
2152,14
2153,8
2154,34
2155,3
2156,23
2157,2
2158,11
2159,4
2160,8
2161,23
2162,5
2163,6
2164,22
2165,5
2166,3
2167,32
2168,25
2169,3
2170,6
2171,15
2172,16
2173,13
2174,32
2175,2
2176,3
2177,23
2178,8
2179,8
2180,15
2181,23
2182,12
2183,23
2184,11
2185,25
2186,25
2187,8
2188,7
2189,23
2190,34
2191,3
2192,12
2193,5
2194,8
2195,23
2196,34
2197,11
2198,12
2199,33
2200,33
2201,5
2202,23
2203,34
2204,23
2205,23
2206,16
2207,4
2208,6
2209,22
2210,22
2211,32
2212,13
2213,15
2214,6
2215,23
2216,23
2217,4
2218,32
2219,33
2220,23
2221,32
2222,16
2223,2
2224,22
2225,7
2226,6
2227,3
2228,4
2229,34
2230,25
2231,6
2232,22
2233,23
2234,8
2235,13
2236,2
2237,23
2238,11
2239,23
2240,12
2241,8
2242,23
2243,8
2244,12
2245,25
2246,2
2247,13
2248,32
2249,7
2250,15
2251,8
2252,15
2253,8
2254,16
2255,12
2256,6
2257,7
2258,4
2259,5
2260,16
2261,11
2262,33
2263,34
2264,34
2265,3
2266,34
2267,16
2268,13
2269,14
2270,3
2271,3
2272,15
2273,7
2274,22
2275,14
2276,15
2277,11
2278,3
2279,15
2280,6
2281,5
2282,8
2283,33
2284,14
2285,34
2286,12
2287,22
2288,12
2289,32
2290,11
2291,4
2292,13
2293,7
2294,12
2295,22
2296,25
2297,22
2298,34
2299,5
2300,6
2301,2
2302,15
2303,16
2304,23
2305,16
2306,23
2307,11
2308,13
2309,14
2310,13
2311,3
2312,12
2313,8
2314,34
2315,34
2316,13
2317,13
2318,3
2319,16
2320,7
2321,11
2322,4
2323,11
2324,22
2325,3
2326,14
2327,11
2328,25
2329,32
2330,34
2331,4
2332,8
2333,12
2334,3
2335,15
2336,25
2337,3
2338,32
2339,34
2340,12
2341,13
2342,6
2343,25
2344,4
2345,16
2346,2
2347,4
2348,7
2349,32
2350,32
2351,34
2352,12
2353,2
2354,5
2355,5
2356,5
2357,32
2358,5
2359,12
2360,4
2361,14
2362,16
2363,14
2364,22
2365,15
2366,13
2367,25
2368,16
2369,13
2370,6
2371,11
2372,4
2373,6
2374,16
2375,33
2376,32
2377,33
2378,7
2379,13
2380,23
2381,4
2382,32
2383,32
2384,23
2385,16
2386,15
2387,2
2388,16
2389,4
2390,2
2391,5
2392,22
2393,6
2394,25
2395,5
2396,15
2397,3
2398,16
2399,15
2400,15
2401,8
2402,5
2403,34
2404,3
2405,23
2406,16
2407,23
2408,2
2409,6
2410,15
2411,25
2412,7
2413,6
2414,2
2415,5
2416,33
2417,5
2418,23
2419,33
2420,12
2421,15
2422,12
2423,2
2424,34
2425,25
2426,12
2427,22
2428,12
2429,12
2430,6
2431,14
2432,23
2433,13
2434,3
2435,5
2436,22
2437,23
2438,25
2439,13
2440,8
2441,23
2442,25
2443,2
2444,2
2445,14
2446,2
2447,22
2448,16
2449,2
2450,3
2451,3
2452,23
2453,7
2454,3
2455,8
2456,23
2457,25
2458,13
2459,5
2460,8
2461,23
2462,25
2463,14
2464,3
2465,25
2466,32
2467,14
2468,11
2469,22
2470,15
2471,2
2472,2
2473,8
2474,23
2475,4
2476,4
2477,34
2478,25
2479,14
2480,11
2481,12
2482,32
2483,23
2484,23
2485,34
2486,5
2487,3
2488,12
2489,2
2490,16
2491,25
2492,2
2493,2
2494,33
2495,14
2496,14
2497,8
2498,15
2499,16
2500,25
2501,5
2502,23
2503,12
2504,14
2505,8
2506,12
2507,2
2508,32
2509,34
2510,32
2511,8
2512,11
2513,23
2514,33
2515,32
2516,15
2517,34
2518,5
2519,22
2520,8
2521,5
2522,13
2523,33
2524,23
2525,25
2526,7
2527,15
2528,34
2529,25
2530,3
2531,13
2532,7
2533,11
2534,13
2535,11
2536,4
2537,34
2538,5
2539,33
2540,33
2541,14
2542,6
2543,14
2544,11
2545,33
2546,7
2547,5
2548,4
2549,7
2550,2
2551,4
2552,25
2553,14
2554,32
2555,12
2556,13
2557,15
2558,7
2559,7
2560,13
2561,13
2562,12
2563,23
2564,14
2565,13
2566,23
2567,33
2568,13
2569,25
2570,15
2571,32
2572,3
2573,11
2574,2
2575,23
2576,32
2577,5
2578,11
2579,2
2580,4
2581,7
2582,4
2583,3
2584,25
2585,3
2586,15
2587,11
2588,33
2589,13
2590,11
2591,34
2592,5
2593,34
2594,3
2595,12
2596,15
2597,23
2598,5
2599,3
2600,23
2601,11
2602,32
2603,25
2604,23
2605,22
2606,7
2607,5
2608,11
2609,15
2610,11
2611,4
2612,3
2613,23
2614,32
2615,6
2616,33
2617,14
2618,23
2619,4
2620,25
2621,23
2622,23
2623,32
2624,34
2625,15
2626,2
2627,22
2628,8
2629,23
2630,2
2631,4
2632,3
2633,22
2634,22
2635,11
2636,5
2637,25
2638,23
2639,23
2640,23
2641,33
2642,15
2643,2
2644,12
2645,5
2646,7
2647,4
2648,13
2649,7
2650,4
2651,4
2652,3
2653,3
2654,22
2655,23
2656,33
2657,12
2658,22
2659,23
2660,23
2661,33
2662,12
2663,8
2664,3
2665,22
2666,13
2667,34
2668,25
2669,7
2670,6
2671,22
2672,14
2673,16
2674,14
2675,3
2676,33
2677,3
2678,2
2679,5
2680,25
2681,13
2682,32
2683,3
2684,8
2685,8
2686,7
2687,13
2688,4
2689,12
2690,6
2691,7
2692,5
2693,25
2694,3
2695,5
2696,25
2697,22
2698,6
2699,11
2700,22
2701,5
2702,34
2703,22
2704,2
2705,6
2706,32
2707,11
2708,7
2709,6
2710,15
2711,6
2712,32
2713,32
2714,8
2715,34
2716,4
2717,14
2718,12
2719,2
2720,23
2721,22
2722,32
2723,4
2724,6
2725,7
2726,8
2727,14
2728,14
2729,12
2730,5
2731,33
2732,7
2733,33
2734,5
2735,8
2736,13
2737,2
2738,23
2739,13
2740,22
2741,14
2742,23
2743,4
2744,15
2745,11
2746,2
2747,6
2748,23
2749,13
2750,8
2751,2
2752,15
2753,33
2754,2
2755,22
2756,2
2757,5
2758,7
2759,6
2760,32
2761,23
2762,22
2763,34
2764,23
2765,5
2766,23
2767,16
2768,16
2769,16
2770,15
2771,5
2772,14
2773,5
2774,14
2775,15
2776,12
2777,22
2778,14
2779,22
2780,22
2781,15
2782,11
2783,3
2784,33
2785,32
2786,6
2787,23
2788,34
2789,4
2790,3
2791,16
2792,2
2793,32
2794,6
2795,2
2796,2
2797,6
2798,22
2799,13
2800,23
2801,12
2802,34
2803,33
2804,8
2805,34
2806,2
2807,4
2808,3
2809,6
2810,7
2811,33
2812,12
2813,34
2814,13
2815,11
2816,16
2817,14
2818,22
2819,5
2820,14
2821,2
2822,13
2823,6
2824,6
2825,5
2826,32
2827,13
2828,13
2829,32
2830,11
2831,14
2832,6
2833,23
2834,25
2835,7
2836,6
2837,34
2838,6
2839,15
2840,16
2841,32
2842,23
2843,22
2844,6
2845,14
2846,33
2847,34
2848,12
2849,23
2850,6
2851,15
2852,23
2853,8
2854,4
2855,4
2856,16
2857,34
2858,12
2859,11
2860,33
2861,33
2862,11
2863,22
2864,5
2865,12
2866,32
2867,13
2868,23
2869,33
2870,8
2871,13
2872,4
2873,32
2874,22
2875,3
2876,6
2877,23
2878,33
2879,4
2880,5
2881,11
2882,11
2883,6
2884,6
2885,4
2886,11
2887,2
2888,25
2889,32
2890,5
2891,13
2892,33
2893,23
2894,22
2895,22
2896,16
2897,5
2898,23
2899,23
2900,4
2901,2
2902,23
2903,33
2904,34
2905,16
2906,22
2907,7
2908,23
2909,8
2910,7
2911,6
2912,3
2913,5
2914,3
2915,2
2916,3
2917,22
2918,13
2919,16
2920,16
2921,8
2922,4
2923,2
2924,12
2925,15
2926,32
2927,33
2928,13
2929,25
2930,22
2931,3
2932,32
2933,15
2934,32
2935,13
2936,3
2937,12
2938,7
2939,34
2940,16
2941,7
2942,16
2943,23
2944,15
2945,15
2946,16
2947,11
2948,3
2949,6
2950,22
2951,11
2952,15
2953,5
2954,8
2955,15
2956,3
2957,5
2958,33
2959,25
2960,25
2961,34
2962,22
2963,7
2964,25
2965,23
2966,6
2967,23
2968,23
2969,2
2970,34
2971,34
2972,16
2973,5
2974,16
2975,33
2976,23
2977,15
2978,33
2979,5
2980,33
2981,12
2982,6
2983,8
2984,23
2985,34
2986,16
2987,15
2988,32
2989,14
2990,4
2991,6
2992,7
2993,13
2994,5
2995,14
2996,15
2997,16
2998,7
2999,2
3000,11
3001,32
3002,5
3003,34
3004,22
3005,11
3006,5
3007,5
3008,13
3009,6
3010,3
3011,6
3012,11
3013,12
3014,2
3015,25
3016,22
3017,14
3018,8
3019,6
3020,15
3021,25
3022,3
3023,8
3024,2
3025,3
3026,22
3027,33
3028,13
3029,23
3030,8
3031,8
3032,11
3033,16
3034,33
3035,12
3036,23
3037,22
3038,23
3039,23
3040,16
3041,6
3042,23
3043,7
3044,33
3045,5
3046,3
3047,2
3048,5
3049,22
3050,22
3051,4
3052,4
3053,8
3054,11
3055,2
3056,4
3057,5
3058,34
3059,5
3060,13
3061,6
3062,6
3063,6
3064,22
3065,23
3066,23
3067,16
3068,33
3069,12
3070,12
3071,8
3072,15
3073,33
3074,34
3075,22
3076,13
3077,13
3078,16
3079,11
3080,34
3081,32
3082,6
3083,6
3084,7
3085,34
3086,8
3087,6
3088,6
3089,34
3090,6
3091,3
3092,8
3093,2
3094,4
3095,11
3096,32
3097,22
3098,14
3099,14
3100,4
3101,34
3102,12
3103,8
3104,5
3105,14
3106,23
3107,23
3108,22
3109,22
3110,22
3111,12
3112,8
3113,32
3114,2
3115,8
3116,32
3117,8
3118,7
3119,5
3120,22
3121,2
3122,2
3123,14
3124,3
3125,22
3126,16
3127,13
3128,32
3129,11
3130,16
3131,15
3132,11
3133,33
3134,6
3135,15
3136,34
3137,32
3138,11
3139,8
3140,25
3141,34
3142,11
3143,14
3144,14
3145,33
3146,5
3147,15
3148,5
3149,4
3150,23
3151,23
3152,25
3153,4
3154,14
3155,8
3156,4
3157,25
3158,34
3159,4
3160,13
3161,14
3162,15
3163,34
3164,33
3165,2
3166,32
3167,12
3168,3
3169,8
3170,32
3171,6
3172,34
3173,23
3174,14
3175,12
3176,34
3177,3
3178,23
3179,32
3180,7
3181,25
3182,23
3183,5
3184,16
3185,34
3186,12
3187,23
3188,15
3189,12
3190,32
3191,4
3192,12
3193,13
3194,12
3195,2
3196,12
3197,14
3198,16
3199,15
3200,22
3201,34
3202,14
3203,6
3204,8
3205,33
3206,4
3207,25
3208,23
3209,25
3210,12
3211,2
3212,16
3213,4
3214,13
3215,3
3216,4
3217,15
3218,33
3219,22
3220,23
3221,2
3222,16
3223,22
3224,16
3225,6
3226,25
3227,15
3228,34
3229,4
3230,5
3231,23
3232,3
3233,32
3234,4
3235,4
3236,15
3237,25
3238,5
3239,16
3240,11
3241,32
3242,5
3243,23
3244,15
3245,11
3246,23
3247,12
3248,5
3249,15
3250,34
3251,14
3252,32
3253,6
3254,25
3255,14
3256,15
3257,16
3258,33
3259,5
3260,6
3261,12
3262,32
3263,33
3264,14
3265,23
3266,13
3267,22
3268,14
3269,7
3270,22
3271,33
3272,23
3273,32
3274,4
3275,33
3276,8
3277,14
3278,8
3279,23
3280,23
3281,8
3282,32
3283,33
3284,22
3285,22
3286,34
3287,8
3288,4
3289,14
3290,23
3291,23
3292,6
3293,32
3294,6
3295,22
3296,33
3297,34
3298,33
3299,32
3300,33
3301,22
3302,12
3303,34
3304,22
3305,11
3306,3
3307,33
3308,25
3309,23
3310,5
3311,14
3312,25
3313,3
3314,23
3315,8
3316,14
3317,16
3318,16
3319,16
3320,8
3321,23
3322,3
3323,4
3324,23
3325,5
3326,15
3327,34
3328,14
3329,22
3330,25
3331,2
3332,4
3333,16
3334,23
3335,23
3336,16
3337,6
3338,34
3339,25
3340,23
3341,3
3342,3
3343,6
3344,14
3345,7
3346,16
3347,23
3348,16
3349,14
3350,5
3351,3
3352,22
3353,23
3354,8
3355,14
3356,5
3357,23
3358,6
3359,6
3360,25
3361,15
3362,4
3363,23
3364,11
3365,13
3366,14
3367,14
3368,25
3369,5
3370,12
3371,15
3372,32
3373,6
3374,14
3375,8
3376,5
3377,6
3378,2
3379,2
3380,12
3381,16
3382,5
3383,13
3384,13
3385,5
3386,6
3387,22
3388,6
3389,34
3390,34
3391,13
3392,16
3393,8
3394,23
3395,3
3396,4
3397,11
3398,8
3399,4
3400,11
3401,13
3402,11
3403,11
3404,3
3405,6
3406,32
3407,23
3408,34
3409,12
3410,13
3411,2
3412,3
3413,6
3414,23
3415,32
3416,13
3417,13
3418,12
3419,25
3420,14
3421,15
3422,4
3423,22
3424,23
3425,14
3426,6
3427,6
3428,7
3429,33
3430,14
3431,3
3432,23
3433,13
3434,23
3435,25
3436,2
3437,34
3438,22
3439,2
3440,32
3441,2
3442,14
3443,8
3444,7
3445,14
3446,23
3447,23
3448,7
3449,23
3450,16
3451,12
3452,8
3453,3
3454,11
3455,33
3456,33
3457,32
3458,4
3459,4
3460,14
3461,25
3462,8
3463,5
3464,33
3465,3
3466,11
3467,33
3468,8
3469,6
3470,16
3471,25
3472,23
3473,33
3474,23
3475,8
3476,34
3477,6
3478,11
3479,3
3480,23
3481,7
3482,16
3483,4
3484,15
3485,23
3486,34
3487,3
3488,23
3489,23
3490,4
3491,2
3492,33
3493,25
3494,34
3495,23
3496,13
3497,5
3498,32
3499,16
3500,25
3501,22
3502,13
3503,3
3504,32
3505,23
3506,11
3507,4
3508,5
3509,13
3510,33
3511,23
3512,23
3513,4
3514,13
3515,25
3516,8
3517,23
3518,16
3519,33
3520,14
3521,8
3522,4
3523,23
3524,2
3525,33
3526,12
3527,14
3528,8
3529,13
3530,15
3531,23
3532,11
3533,15
3534,32
3535,5
3536,16
3537,12
3538,13
3539,3
3540,8
3541,15
3542,14
3543,33
3544,23
3545,6
3546,7
3547,7
3548,16
3549,3
3550,4
3551,7
3552,4
3553,15
3554,15
3555,22
3556,12
3557,16
3558,4
3559,3
3560,4
3561,34
3562,23
3563,15
3564,3
3565,32
3566,13
3567,2
3568,16
3569,11
3570,33
3571,4
3572,4
3573,23
3574,4
3575,34
3576,15
3577,2
3578,8
3579,13
3580,3
3581,2
3582,5
3583,15
3584,11
3585,8
3586,23
3587,6
3588,2
3589,23
3590,23
3591,32
3592,23
3593,12
3594,23
3595,11
3596,2
3597,23
3598,14
3599,23
3600,25
3601,32
3602,22
3603,11
3604,23
3605,34
3606,25
3607,25
3608,8
3609,15
3610,15
3611,33
3612,25
3613,32
3614,3
3615,33
3616,25
3617,2
3618,4
3619,25
3620,8
3621,5
3622,25
3623,14
3624,32
3625,6
3626,11
3627,4
3628,32
3629,6
3630,15
3631,12
3632,2
3633,15
3634,15
3635,14
3636,15
3637,14
3638,6
3639,2
3640,25
3641,22
3642,16
3643,5
3644,5
3645,32
3646,13
3647,32
3648,32
3649,8
3650,22
3651,2
3652,3
3653,11
3654,25
3655,33
3656,3
3657,13
3658,14
3659,11
3660,22
3661,32
3662,33
3663,32
3664,25
3665,22
3666,23
3667,5
3668,12
3669,4
3670,23
3671,14
3672,14
3673,12
3674,13
3675,32
3676,22
3677,7
3678,4
3679,6
3680,22
3681,12
3682,34
3683,15
3684,33
3685,25
3686,22
3687,4
3688,7
3689,15
3690,5
3691,22
3692,16
3693,23
3694,4
3695,16
3696,25
3697,7
3698,12
3699,5
3700,15
3701,7
3702,4
3703,33
3704,3
3705,13
3706,34
3707,33
3708,23
3709,12
3710,11
3711,4
3712,23
3713,12
3714,23
3715,7
3716,14
3717,2
3718,34
3719,7
3720,7
3721,32
3722,23
3723,7
3724,4
3725,13
3726,8
3727,33
3728,12
3729,23
3730,4
3731,15
3732,8
3733,34
3734,25
3735,4
3736,32
3737,6
3738,22
3739,32
3740,5
3741,33
3742,32
3743,12
3744,16
3745,34
3746,11
3747,15
3748,33
3749,6
3750,3
3751,33
3752,23
3753,16
3754,6
3755,12
3756,6
3757,15
3758,8
3759,16
3760,12
3761,7
3762,5
3763,3
3764,14
3765,15
3766,16
3767,8
3768,23
3769,4
3770,14
3771,15
3772,4
3773,23
3774,25
3775,15
3776,15
3777,23
3778,33
3779,23
3780,8
3781,23
3782,23
3783,7
3784,3
3785,2
3786,8
3787,3
3788,4
3789,8
3790,22
3791,7
3792,4
3793,13
3794,22
3795,14
3796,22
3797,32
3798,25
3799,23
3800,4
3801,13
3802,32
3803,3
3804,32
3805,12
3806,11
3807,8
3808,12
3809,15
3810,16
3811,14
3812,16
3813,32
3814,4
3815,32
3816,2
3817,34
3818,25
3819,7
3820,8
3821,7
3822,23
3823,34
3824,22
3825,34
3826,22
3827,25
3828,7
3829,16
3830,2
3831,5
3832,3
3833,13
3834,12
3835,13
3836,12
3837,23
3838,25
3839,8
3840,25
3841,16
3842,2
3843,25
3844,22
3845,16
3846,23
3847,16
3848,6
3849,14
3850,34
3851,5
3852,23
3853,6
3854,13
3855,22
3856,23
3857,14
3858,15
3859,5
3860,6
3861,22
3862,23
3863,8
3864,23
3865,34
3866,14
3867,34
3868,23
3869,4
3870,34
3871,25
3872,32
3873,3
3874,13
3875,23
3876,4
3877,12
3878,25
3879,34
3880,13
3881,22
3882,33
3883,8
3884,25
3885,5
3886,7
3887,3
3888,11
3889,23
3890,11
3891,2
3892,16
3893,8
3894,14
3895,6
3896,23
3897,16
3898,6
3899,32
3900,5
3901,8
3902,25
3903,23
3904,25
3905,8
3906,12
3907,22
3908,4
3909,6
3910,33
3911,15
3912,16
3913,6
3914,5
3915,4
3916,23
3917,3
3918,22
3919,23
3920,12
3921,4
3922,8
3923,2
3924,11
3925,15
3926,15
3927,13
3928,6
3929,25
3930,7
3931,2
3932,8
3933,23
3934,8
3935,25
3936,25
3937,33
3938,7
3939,7
3940,2
3941,34
3942,16
3943,16
3944,16
3945,2
3946,23
3947,15
3948,2
3949,6
3950,16
3951,23
3952,2
3953,33
3954,34
3955,33
3956,15
3957,16
3958,33
3959,11
3960,15
3961,2
3962,15
3963,16
3964,14
3965,2
3966,5
3967,2
3968,5
3969,7
3970,34
3971,2
3972,33
3973,16
3974,4
3975,13
3976,13
3977,23
3978,25
3979,15
3980,25
3981,12
3982,22
3983,7
3984,15
3985,33
3986,23
3987,23
3988,12
3989,3
3990,11
3991,23
3992,34
3993,2
3994,3
3995,5
3996,14
3997,33
3998,25
3999,25
4000,6
4001,23
4002,4
4003,4
4004,3
4005,23
4006,4
4007,11
4008,4
4009,22
4010,34
4011,33
4012,2
4013,13
4014,4
4015,13
4016,33
4017,32
4018,12
4019,32
4020,7
4021,8
4022,5
4023,23
4024,4
4025,33
4026,32
4027,4
4028,6
4029,5
4030,22
4031,4
4032,15
4033,13
4034,8
4035,14
4036,7
4037,23
4038,33
4039,4
4040,6
4041,7
4042,8
4043,32
4044,3
4045,16
4046,13
4047,8
4048,15
4049,11
4050,7
4051,6
4052,23
4053,33
4054,23
4055,15
4056,11
4057,25
4058,2
4059,12
4060,6
4061,5
4062,23
4063,22
4064,32
4065,22
4066,13
4067,3
4068,4
4069,4
4070,13
4071,22
4072,32
4073,8
4074,23
4075,33
4076,4
4077,5
4078,8
4079,32
4080,3
4081,7
4082,7
4083,33
4084,33
4085,13
4086,34
4087,3
4088,12
4089,33
4090,11
4091,16
4092,11
4093,4
4094,8
4095,4
4096,16
4097,11
4098,3
4099,15
4100,7
4101,11
4102,11
4103,7
4104,11
4105,25
4106,33
4107,8
4108,23
4109,8
4110,5
4111,23
4112,7
4113,3
4114,2
4115,23
4116,22
4117,2
4118,4
4119,8
4120,34
4121,14
4122,22
4123,34
4124,4
4125,13
4126,23
4127,23
4128,14
4129,7
4130,13
4131,23
4132,2
4133,34
4134,22
4135,6
4136,6
4137,2
4138,11
4139,32
4140,13
4141,32
4142,8
4143,13
4144,3
4145,33
4146,14
4147,22
4148,34
4149,16
4150,12
4151,3
4152,5
4153,3
4154,14
4155,23
4156,15
4157,12
4158,32
4159,34
4160,3
4161,11
4162,23
4163,34
4164,15
4165,14
4166,23
4167,3
4168,2
4169,14
4170,34
4171,3
4172,3
4173,23
4174,22
4175,32
4176,32
4177,22
4178,23
4179,6
4180,22
4181,3
4182,11
4183,5
4184,25
4185,12
4186,4
4187,22
4188,12
4189,22
4190,32
4191,14
4192,12
4193,15
4194,13
4195,23
4196,4
4197,33
4198,33
4199,5
4200,25
4201,12
4202,25
4203,16
4204,6
4205,33
4206,23
4207,13
4208,3
4209,34
4210,3
4211,32
4212,23
4213,13
4214,3
4215,23
4216,3
4217,33
4218,4
4219,12
4220,5
4221,11
4222,23
4223,13
4224,7
4225,8
4226,23
4227,6
4228,5
4229,23
4230,8
4231,32
4232,34
4233,7
4234,13
4235,34
4236,32
4237,7
4238,23
4239,34
4240,8
4241,6
4242,5
4243,32
4244,22
4245,22
4246,25
4247,33
4248,15
4249,11
4250,34
4251,13
4252,3
4253,8
4254,14
4255,5
4256,23
4257,33
4258,23
4259,23
4260,16
4261,8
4262,8
4263,8
4264,33
4265,34
4266,5
4267,16
4268,8
4269,7
4270,13
4271,11
4272,25
4273,12
4274,13
4275,14
4276,4
4277,6
4278,25
4279,13
4280,6
4281,3
4282,25
4283,33
4284,14
4285,8
4286,13
4287,8
4288,14
4289,25
4290,2
4291,23
4292,25
4293,16
4294,6
4295,33
4296,2
4297,12
4298,23
4299,23
4300,14
4301,23
4302,25
4303,32
4304,2
4305,8
4306,23
4307,14
4308,4
4309,16
4310,11
4311,25
4312,6
4313,22
4314,32
4315,5
4316,25
4317,3
4318,22
4319,22
4320,32
4321,2
4322,23
4323,7
4324,14
4325,6
4326,4
4327,6
4328,33
4329,8
4330,7
4331,16
4332,12
4333,14
4334,6
4335,11
4336,5
4337,15
4338,22
4339,7
4340,22
4341,13
4342,33
4343,25
4344,23
4345,4
4346,4
4347,5
4348,12
4349,12
4350,15
4351,3
4352,6
4353,4
4354,33
4355,16
4356,14
4357,34
4358,23
4359,5
4360,22
4361,12
4362,3
4363,5
4364,23
4365,33
4366,15
4367,4
4368,25
4369,4
4370,5
4371,7
4372,11
4373,2
4374,7
4375,11
4376,23
4377,5
4378,22
4379,32
4380,3
4381,12
4382,25
4383,32
4384,11
4385,23
4386,32
4387,15
4388,13
4389,14
4390,16
4391,22
4392,6
4393,23
4394,23
4395,34
4396,34
4397,8
4398,2
4399,4
4400,25
4401,25
4402,5
4403,4
4404,6
4405,34
4406,15
4407,3
4408,4
4409,7
4410,13
4411,32
4412,3
4413,23
4414,23
4415,32
4416,4
4417,8
4418,12
4419,32
4420,25
4421,8
4422,32
4423,32
4424,15
4425,2
4426,32
4427,33
4428,7
4429,3
4430,2
4431,23
4432,11
4433,12
4434,5
4435,8
4436,23
4437,11
4438,14
4439,32
4440,6
4441,2
4442,23
4443,11
4444,3
4445,13
4446,7
4447,14
4448,23
4449,3
4450,13
4451,4
4452,23
4453,8
4454,2
4455,23
4456,33
4457,23
4458,4
4459,15
4460,33
4461,6
4462,25
4463,13
4464,11
4465,8
4466,23
4467,4
4468,23
4469,8
4470,6
4471,6
4472,4
4473,23
4474,15
4475,4
4476,32
4477,7
4478,6
4479,16
4480,34
4481,2
4482,34
4483,14
4484,8
4485,22
4486,34
4487,15
4488,8
4489,2
4490,12
4491,13
4492,22
4493,23
4494,8
4495,6
4496,8
4497,33
4498,4
4499,8
4500,14
4501,4
4502,3
4503,34
4504,22
4505,4
4506,4
4507,15
4508,34
4509,11
4510,34
4511,32
4512,23
4513,6
4514,15
4515,12
4516,5
4517,5
4518,12
4519,6
4520,2
4521,5
4522,32
4523,5
4524,3
4525,33
4526,15
4527,23
4528,6
4529,23
4530,33
4531,11
4532,14
4533,22
4534,6
4535,23
4536,4
4537,6
4538,4
4539,12
4540,16
4541,23
4542,2
4543,13
4544,3
4545,22
4546,16
4547,16
4548,12
4549,14
4550,15
4551,16
4552,7
4553,22
4554,16
4555,15
4556,4
4557,32
4558,15
4559,23
4560,32
4561,16
4562,23
4563,32
4564,25
4565,23
4566,15
4567,23
4568,13
4569,32
4570,7
4571,12
4572,16
4573,34
4574,22
4575,13
4576,2
4577,2
4578,23
4579,7
4580,8
4581,16
4582,22
4583,12
4584,4
4585,6
4586,16
4587,14
4588,3
4589,25
4590,16
4591,7
4592,32
4593,33
4594,32
4595,14
4596,7
4597,33
4598,4
4599,5
4600,12
4601,2
4602,25
4603,16
4604,6
4605,12
4606,16
4607,12
4608,16
4609,11
4610,14
4611,11
4612,12
4613,11
4614,33
4615,11
4616,23
4617,34
4618,4
4619,32
4620,2
4621,16
4622,7
4623,8
4624,3
4625,11
4626,6
4627,15
4628,2
4629,25
4630,23
4631,11
4632,15
4633,33
4634,5
4635,12
4636,2
4637,15
4638,11
4639,7
4640,8
4641,25
4642,15
4643,33
4644,33
4645,15
4646,12
4647,6
4648,33
4649,11
4650,23
4651,3
4652,7
4653,3
4654,23
4655,13
4656,13
4657,5
4658,32
4659,5
4660,23
4661,23
4662,23
4663,5
4664,25
4665,2
4666,6
4667,4
4668,22
4669,5
4670,11
4671,32
4672,4
4673,4
4674,32
4675,6
4676,13
4677,13
4678,2
4679,34
4680,33
4681,23
4682,16
4683,33
4684,12
4685,3
4686,11
4687,15
4688,23
4689,13
4690,32
4691,5
4692,2
4693,15
4694,23
4695,5
4696,23
4697,16
4698,6
4699,14
4700,5
4701,3
4702,32
4703,11
4704,8
4705,22
4706,6
4707,7
4708,11
4709,3
4710,12
4711,8
4712,6
4713,22
4714,13
4715,2
4716,33
4717,7
4718,11
4719,22
4720,13
4721,23
4722,2
4723,6
4724,23
4725,32
4726,16
4727,6
4728,2
4729,5
4730,23
4731,11
4732,15
4733,8
4734,22
4735,11
4736,13
4737,16
4738,8
4739,4
4740,7
4741,5
4742,25
4743,15
4744,32
4745,34
4746,15
4747,4
4748,2
4749,4
4750,16
4751,32
4752,5
4753,3
4754,22
4755,33
4756,4
4757,16
4758,16
4759,5
4760,6
4761,6
4762,32
4763,25
4764,5
4765,12
4766,23
4767,32
4768,34
4769,12
4770,7
4771,34
4772,2
4773,33
4774,4
4775,13
4776,3
4777,7
4778,8
4779,23
4780,2
4781,11
4782,8
4783,2
4784,7
4785,13
4786,11
4787,15
4788,14
4789,23
4790,22
4791,25
4792,7
4793,32
4794,25
4795,25
4796,12
4797,14
4798,13
4799,14
4800,33
4801,3
4802,8
4803,15
4804,23
4805,34
4806,5
4807,32
4808,2
4809,8
4810,34
4811,7
4812,33
4813,8
4814,25
4815,13
4816,25
4817,11
4818,34
4819,13
4820,23
4821,3
4822,15
4823,15
4824,23
4825,32
4826,12
4827,2
4828,11
4829,13
4830,33
4831,6
4832,11
4833,5
4834,22
4835,8
4836,8
4837,34
4838,5
4839,2
4840,25
4841,13
4842,34
4843,12
4844,8
4845,32
4846,12
4847,14
4848,5
4849,23
4850,5
4851,7
4852,3
4853,13
4854,8
4855,14
4856,12
4857,6
4858,25
4859,22
4860,6
4861,16
4862,23
4863,22
4864,3
4865,33
4866,3
4867,15
4868,32
4869,15
4870,7
4871,7
4872,23
4873,6
4874,16
4875,22
4876,3
4877,5
4878,8
4879,8
4880,22
4881,34
4882,12
4883,3
4884,12
4885,23
4886,12
4887,4
4888,34
4889,16
4890,2
4891,5
4892,14
4893,16
4894,25
4895,3
4896,25
4897,14
4898,4
4899,16
4900,25
4901,4
4902,25
4903,13
4904,14
4905,23
4906,2
4907,11
4908,34
4909,7
4910,33
4911,16
4912,12
4913,33
4914,34
4915,3
4916,32
4917,2
4918,11
4919,32
4920,23
4921,13
4922,34
4923,15
4924,14
4925,11
4926,8
4927,4
4928,33
4929,12
4930,12
4931,25
4932,12
4933,8
4934,12
4935,5
4936,23
4937,2
4938,4
4939,5
4940,6
4941,33
4942,33
4943,13
4944,33
4945,12
4946,15
4947,15
4948,25
4949,4
4950,23
4951,34
4952,8
4953,23
4954,25
4955,34
4956,4
4957,23
4958,6
4959,22
4960,7
4961,32
4962,34
4963,25
4964,4
4965,3
4966,12
4967,7
4968,13
4969,14
4970,7
4971,16
4972,22
4973,15
4974,3
4975,25
4976,22
4977,15
4978,5
4979,32
4980,12
4981,15
4982,12
4983,5
4984,6
4985,13
4986,23
4987,5
4988,13
4989,15
4990,16
4991,7
4992,8
4993,16
4994,23
4995,3
4996,23
4997,34
4998,4
4999,5
5000,2
5001,34
5002,12
5003,23
5004,8
5005,33
5006,14
5007,8
5008,33
5009,22
5010,8
5011,23
5012,5
5013,25
5014,23
5015,4
5016,13
5017,16
5018,15
5019,7
5020,16
5021,23
5022,12
5023,3
5024,23
5025,3
5026,13
5027,14
5028,23
5029,6
5030,3
5031,3
5032,25
5033,4
5034,14
5035,7
5036,32
5037,23
5038,25
5039,22
5040,7
5041,3
5042,22
5043,23
5044,33
5045,2
5046,12
5047,16
5048,5
5049,8
5050,3
5051,23
5052,32
5053,7
5054,32
5055,4
5056,12
5057,23
5058,7
5059,11
5060,8
5061,34
5062,6
5063,3
5064,15
5065,8
5066,12
5067,2
5068,3
5069,15
5070,23
5071,11
5072,12
5073,16
5074,11
5075,23
5076,15
5077,8
5078,11
5079,8
5080,3
5081,11
5082,13
5083,8
5084,15
5085,7
5086,33
5087,13
5088,5
5089,22
5090,25
5091,22
5092,3
5093,6
5094,3
5095,13
5096,6
5097,15
5098,12
5099,23
5100,3
5101,25
5102,4
5103,23
5104,23
5105,6
5106,4
5107,22
5108,8
5109,2
5110,33
5111,4
5112,15
5113,7
5114,16
5115,3
5116,14
5117,11
5118,23
5119,23
5120,16
5121,12
5122,2
5123,7
5124,7
5125,13
5126,11
5127,14
5128,33
5129,3
5130,6
5131,14
5132,6
5133,25
5134,23
5135,4
5136,4
5137,33
5138,14
5139,8
5140,16
5141,23
5142,34
5143,6
5144,11
5145,14
5146,23
5147,4
5148,23
5149,4
5150,11
5151,16
5152,13
5153,4
5154,22
5155,22
5156,16
5157,32
5158,3
5159,23
5160,14
5161,12
5162,13
5163,4
5164,32
5165,8
5166,32
5167,7
5168,5
5169,4
5170,15
5171,7
5172,5
5173,12
5174,33
5175,12
5176,14
5177,23
5178,5
5179,5
5180,32
5181,8
5182,15
5183,3
5184,6
5185,12
5186,13
5187,12
5188,11
5189,3
5190,23
5191,11
5192,25
5193,3
5194,14
5195,11
5196,5
5197,23
5198,22
5199,22
5200,3
5201,8
5202,7
5203,16
5204,2
5205,11
5206,23
5207,12
5208,2
5209,15
5210,34
5211,7
5212,22
5213,23
5214,22
5215,23
5216,14
5217,16
5218,16
5219,23
5220,25
5221,2
5222,22
5223,6
5224,23
5225,7
5226,4
5227,14
5228,34
5229,16
5230,13
5231,2
5232,2
5233,11
5234,13
5235,11
5236,11
5237,34
5238,22
5239,34
5240,5
5241,8
5242,11
5243,5
5244,22
5245,23
5246,23
5247,15
5248,33
5249,3
5250,34
5251,5
5252,13
5253,25
5254,25
5255,23
5256,16
5257,2
5258,16
5259,32
5260,34
5261,13
5262,7
5263,5
5264,5
5265,4
5266,7
5267,14
5268,4
5269,25
5270,11
5271,32
5272,6
5273,23
5274,6
5275,8
5276,16
5277,14
5278,12
5279,22
5280,2
5281,8
5282,33
5283,4
5284,7
5285,25
5286,15
5287,5
5288,23
5289,16
5290,11
5291,14
5292,3
5293,11
5294,25
5295,3
5296,4
5297,25
5298,12
5299,23
5300,5
5301,2
5302,4
5303,4
5304,7
5305,23
5306,23
5307,23
5308,5
5309,7
5310,15
5311,6
5312,23
5313,14
5314,5
5315,22
5316,22
5317,3
5318,23
5319,23
5320,33
5321,11
5322,12
5323,11
5324,33
5325,16
5326,16
5327,13
5328,7
5329,22
5330,13
5331,14
5332,4
5333,5
5334,33
5335,11
5336,2
5337,8
5338,16
5339,8
5340,6
5341,25
5342,7
5343,16
5344,33
5345,16
5346,15
5347,25
5348,5
5349,4
5351,13
5352,11
5353,33
5354,13
5355,3
5356,2
5357,23
5358,2
5359,6
5360,7
5361,13
5362,6
5363,15
5364,12
5365,3
5366,25
5367,2
5368,25
5369,23
5370,8
5371,23
5372,15
5373,13
5374,32
5375,13
5376,15
5377,33
5378,13
5379,3
5380,23
5381,11
5382,34
5383,3
5384,5
5385,33
5386,34
5387,15
5388,12
5389,23
5390,11
5391,5
5392,8
5393,13
5394,33
5395,6
5396,32
5397,4
5398,12
5399,33
5400,23
5401,16
5402,12
5403,12
5404,32
5405,6
5406,11
5407,33
5408,11
5409,23
5410,13
5411,14
5412,16
5413,13
5414,8
5415,25
5416,23
5417,13
5418,2
5419,33
5420,8
5421,12
5422,6
5423,5
5424,15
5425,23
5426,32
5427,22
5428,5
5429,12
5430,16
5431,4
5432,4
5433,11
5434,23
5435,15
5436,6
5437,16
5438,7
5439,3
5440,8
5441,32
5442,4
5443,16
5444,6
5445,8
5446,13
5447,14
5448,22
5449,13
5450,13
5451,3
5452,15
5453,22
5454,13
5455,32
5456,12
5457,5
5458,15
5459,32
5460,15
5461,32
5462,5
5463,32
5464,13
5465,34
5466,3
5467,15
5468,33
5469,23
5470,4
5471,14
5472,3
5473,6
5474,4
5475,3
5476,32
5477,5
5478,13
5479,8
5480,2
5481,2
5482,23
5483,32
5484,6
5485,25
5486,22
5487,5
5488,11
5489,12
5490,7
5491,23
5492,3
5493,23
5494,32
5495,14
5496,2
5497,16
5498,22
5499,6
5500,14
5501,32
5502,11
5503,33
5504,3
5505,12
5506,15
5507,32
5508,11
5509,12
5510,5
5511,2
5512,16
5513,11
5514,5
5515,13
5516,25
5517,14
5518,23
5519,23
5520,5
5521,2
5522,14
5523,8
5524,15
5525,11
5526,13
5527,11
5528,4
5529,34
5530,16
5531,33
5532,34
5533,7
5534,11
5535,16
5536,8
5537,7
5538,3
5539,8
5540,22
5541,8
5542,15
5543,34
5544,12
5545,12
5546,12
5547,3
5548,2
5549,12
5550,14
5551,23
5552,7
5553,8
5554,3
5555,11
5556,14
5557,22
5558,23
5559,8
5560,33
5561,34
5562,4
5563,4
5564,8
5565,11
5566,32
5567,7
5568,3
5569,23
5570,14
5571,23
5572,22
5573,3
5574,6
5575,32
5576,14
5577,23
5578,32
5579,3
5580,25
5581,6
5582,16
5583,13
5584,13
5585,6
5586,22
5587,11
5588,3
5589,23
5590,25
5591,32
5592,8
5593,15
5594,13
5595,23
5596,12
5597,4
5598,15
5599,14
5600,16
5601,15
5602,11
5603,23
5604,8
5605,13
5606,14
5607,6
5608,6
5609,23
5610,22
5611,3
5612,7
5613,7
5614,15
5615,25
5616,7
5617,5
5618,16
5619,32
5620,13
5621,3
5622,8
5623,34
5624,14
5625,33
5626,34
5627,12
5628,7
5629,32
5630,25
5631,14
5632,33
5633,7
5634,25
5635,16
5636,6
5637,23
5638,16
5639,5
5640,23
5641,22
5642,4
5643,8
5644,13
5645,8
5646,23
5647,4
5648,4
5649,23
5650,13
5651,25
5652,23
5653,5
5654,2
5655,6
5656,15
5657,3
5658,3
5659,12
5660,16
5661,12
5662,12
5663,12
5664,2
5665,16
5666,25
5667,4
5668,2
5669,6
5670,23
5671,6
5672,23
5673,13
5674,34
5675,23
5676,12
5677,8
5678,3
5679,22
5680,2
5681,12
5682,7
5683,23
5684,12
5685,33
5686,14
5687,33
5688,14
5689,15
5690,4
5691,15
5692,6
5693,23
5694,15
5695,15
5696,32
5697,13
5698,15
5699,8
5700,7
5701,34
5702,22
5703,23
5704,13
5705,34
5706,25
5707,22
5708,4
5709,23
5710,33
5711,5
5712,14
5713,7
5714,2
5715,7
5716,34
5717,5
5718,33
5719,4
5720,8
5721,13
5722,34
5723,33
5724,23
5725,8
5726,4
5727,4
5728,32
5729,12
5730,16
5731,22
5732,33
5733,3
5734,33
5735,34
5736,15
5737,16
5738,33
5739,33
5740,23
5741,11
5742,16
5743,23
5744,12
5745,8
5746,16
5747,5
5748,16
5749,23
5750,13
5751,34
5752,22
5753,3
5754,22
5755,25
5756,7
5757,15
5758,6
5759,25
5760,15
5761,12
5762,25
5763,2
5764,23
5765,4
5766,5
5767,11
5768,7
5769,25
5770,14
5771,23
5772,23
5773,2
5774,22
5775,15
5776,4
5777,8
5778,23
5779,11
5780,4
5781,5
5782,23
5783,3
5784,11
5785,3
5786,13
5787,4
5788,3
5789,2
5790,5
5791,32
5792,15
5793,5
5794,7
5795,33
5796,22
5797,6
5798,7
5799,6
5800,6
5801,33
5802,34
5803,3
5804,16
5805,14
5806,13
5807,22
5808,16
5809,32
5810,13
5811,6
5812,12
5813,12
5814,13
5815,3
5816,7
5817,2
5818,12
5819,32
5820,32
5821,8
5822,4
5823,32
5824,32
5825,23
5826,15
5827,12
5828,34
5829,7
5830,16
5831,23
5832,15
5833,22
5834,25
5835,23
5836,23
5837,6
5838,14
5839,14
5840,11
5841,13
5842,2
5843,4
5844,32
5845,25
5846,8
5847,5
5848,12
5849,25
5850,11
5851,7
5852,23
5853,23
5854,34
5855,14
5856,25
5857,6
5858,13
5859,11
5860,6
5861,23
5862,32
5863,23
5864,15
5865,8
5866,15
5867,8
5868,7
5869,32
5870,7
5871,4
5872,23
5873,16
5874,11
5875,4
5876,22
5877,25
5878,12
5879,34
5880,11
5881,22
5882,12
5883,32
5884,8
5885,25
5886,8
5887,4
5888,12
5889,22
5890,12
5891,33
5892,2
5893,15
5894,12
5895,6
5896,11
5897,23
5898,3
5899,34
5900,16
5901,23
5902,23
5903,12
5904,6
5905,15
5906,5
5907,23
5908,8
5909,8
5910,13
5911,7
5912,23
5913,23
5914,34
5915,23
5916,2
5917,11
5918,23
5919,25
5920,25
5921,3
5922,14
5923,15
5924,12
5925,25
5926,12
5927,8
5928,2
5929,3
5930,13
5931,11
5932,3
5933,32
5934,11
5935,12
5936,3
5937,12
5938,33
5939,4
5940,4
5941,22
5942,7
5943,25
5944,13
5945,8
5946,25
5947,4
5948,23
5949,2
5950,34
5951,7
5952,5
5953,23
5954,33
5955,22
5956,16
5957,22
5958,23
5959,12
5960,6
5961,33
5962,23
5963,23
5964,3
5965,34
5966,23
5967,3
5968,16
5969,22
5970,6
5971,14
5972,32
5973,34
5974,4
5975,4
5976,14
5977,8
5978,22
5979,34
5980,14
5981,22
5982,23
5983,5
5984,15
5985,25
5986,23
5987,23
5988,11
5989,12
5990,3
5991,11
5992,16
5993,33
5994,33
5995,3
5996,3
5997,3
5998,12
5999,34
6000,2
6001,4
6002,32
6003,7
6004,32
6005,33
6006,34
6007,6
6008,5
6009,2
6010,33
6011,13
6012,16
6013,8
6014,33
6015,8
6016,3
6017,16
6018,4
6019,7
6020,25
6021,23
6022,16
6023,22
6024,5
6025,3
6026,8
6027,7
6028,4
6029,12
6030,23
6031,2
6032,2
6033,32
6034,15
6035,22
6036,4
6037,2
6038,16
6039,22
6040,14
6041,32
6042,7
6043,22
6044,4
6045,4
6046,15
6047,5
6048,25
6049,14
6050,6
6051,16
6052,11
6053,33
6054,13
6055,11
6056,11
6057,23
6058,13
6059,13
6060,25
6061,11
6062,23
6063,4
6064,23
6065,13
6066,6
6067,16
6068,15
6069,15
6070,2
6071,34
6072,3
6073,25
6074,16
6075,11
6076,8
6077,25
6078,2
6079,23
6080,25
6081,14
6082,6
6083,7
6084,34
6085,3
6086,11
6087,16
6088,5
6089,6
6090,2
6091,14
6092,13
6093,12
6094,34
6095,5
6096,6
6097,15
6098,12
6099,23
6100,32
6101,2
6102,33
6103,33
6104,32
6105,33
6106,14
6107,33
6108,15
6109,3
6110,33
6111,15
6112,15
6113,8
6114,23
6115,3
6116,22
6117,2
6118,25
6119,33
6120,12
6121,23
6122,15
6123,5
6124,2
6125,14
6126,16
6127,5
6128,15
6129,5
6130,14
6131,34
6132,6
6133,15
6134,4
6135,7
6136,11
6137,34
6138,33
6139,8
6140,25
6141,4
6142,5
6143,2
6144,8
6145,7
6146,22
6147,2
6148,8
6149,12
6150,3
6151,12
6152,4
6153,33
6154,15
6155,34
6156,7
6157,3
6158,11
6159,34
6160,15
6161,2
6162,12
6163,8
6164,32
6165,8
6166,8
6167,25
6168,15
6169,11
6170,23
6171,15
6172,5
6173,8
6174,16
6175,11
6176,23
6177,25
6178,5
6179,4
6180,23
6181,2
6182,3
6183,22
6184,15
6185,8
6186,3
6187,23
6188,23
6189,11
6190,34
6191,3
6192,12
6193,3
6194,33
6195,3
6196,12
6197,32
6198,23
6199,15
6200,34
6201,12
6202,13
6203,5
6204,34
6205,5
6206,15
6207,2
6208,7
6209,22
6210,23
6211,4
6212,14
6213,22
6214,15
6215,11
6216,13
6217,22
6218,16
6219,5
6220,11
6221,13
6222,15
6223,4
6224,16
6225,5
6226,32
6227,2
6228,23
6229,22
6230,6
6231,5
6232,5
6233,4
6234,2
6235,33
6236,23
6237,11
6238,5
6239,5
6240,34
6241,23
6242,4
6243,34
6244,5
6245,5
6246,23
6247,7
6248,32
6249,22
6250,7
6251,4
6252,23
6253,12
6254,12
6255,34
6256,23
6257,3
6258,16
6259,12
6260,12
6261,23
6262,6
6263,7
6264,15
6265,32
6266,22
6267,32
6268,7
6269,2
6270,12
6271,16
6272,16
6273,23
6274,33
6275,6
6276,6
6277,3
6278,3
6279,33
6280,23
6281,23
6282,8
6283,5
6284,22
6285,2
6286,6
6287,23
6288,13
6289,23
6290,16
6291,7
6292,11
6293,3
6294,15
6295,11
6296,14
6297,4
6298,33
6299,6
6300,6
6301,16
6302,23
6303,23
6304,25
6305,15
6306,23
6307,23
6308,33
6309,3
6310,22
6311,13
6312,5
6313,25
6314,23
6315,34
6316,4
6317,4
6318,34
6319,6
6320,3
6321,4
6322,16
6323,14
6324,14
6325,2
6326,8
6327,33
6328,12
6329,16
6330,6
6331,7
6332,12
6333,2
6334,33
6335,16
6336,34
6337,13
6338,25
6339,33
6340,12
6341,23
6342,33
6343,11
6344,33
6345,5
6346,22
6347,12
6348,34
6349,15
6350,33
6351,15
6352,23
6353,2
6354,25
6355,12
6356,23
6357,12
6358,23
6359,16
6360,3
6361,22
6362,33
6363,8
6364,32
6365,4
6366,8
6367,25
6368,23
6369,34
6370,7
6371,32
6372,34
6373,14
6374,7
6375,32
6376,12
6377,23
6378,8
6379,33
6380,15
6381,2
6382,16
6383,7
6384,13
6385,12
6386,4
6387,8
6388,3
6389,3
6390,8
6391,32
6392,3
6393,4
6394,34
6395,23
6396,34
6397,11
6398,6
6399,3
6400,2
6401,6
6402,4
6403,2
6404,23
6405,23
6406,23
6407,23
6408,7
6409,25
6410,5
6411,6
6412,25
6413,33
6414,13
6415,7
6416,22
6417,23
6418,32
6419,33
6420,12
6421,12
6422,15
6423,12
6424,6
6425,6
6426,15
6427,2
6428,4
6429,23
6430,3
6431,11
6432,23
6433,8
6434,7
6435,3
6436,32
6437,15
6438,22
6439,11
6440,8
6441,4
6442,4
6443,8
6444,23
6445,6
6446,12
6447,3
6448,16
6449,13
6450,34
6451,4
6452,25
6453,13
6454,22
6455,4
6456,23
6457,13
6458,11
6459,33
6460,12
6461,15
6462,3
6463,14
6464,23
6465,7
6466,13
6467,16
6468,23
6469,25
6470,33
6471,32
6472,11
6473,22
6474,23
6475,12
6476,23
6477,3
6478,25
6479,3
6480,12
6481,15
6482,12
6483,14
6484,11
6485,6
6486,34
6487,12
6488,13
6489,6
6490,16
6491,4
6492,14
6493,25
6494,25
6495,16
6496,33
6497,12
6498,32
6499,12
6500,7
6501,15
6502,32
6503,16
6504,13
6505,5
6506,25
6507,33
6508,13
6509,14
6510,4
6511,11
6512,23
6513,25
6514,14
6515,32
6516,23
6517,2
6518,23
6519,32
6520,16
6521,2
6522,5
6523,34
6524,32
6525,15
6526,25
6527,25
6528,7
6529,4
6530,14
6531,33
6532,15
6533,16
6534,34
6535,23
6536,34
6537,3
6538,25
6539,25
6540,34
6541,15
6542,34
6543,15
6544,14
6545,2
6546,23
6547,14
6548,2
6549,14
6550,25
6551,25
6552,14
6553,15
6554,34
6555,32
6556,8
6557,12
6558,15
6559,7
6560,13
6561,23
6562,23
6563,14
6564,22
6565,23
6566,12
6567,23
6568,5
6569,33
6570,8
6571,11
6572,4
6573,3
6574,25
6575,4
6576,8
6577,4
6578,34
6579,4
6580,14
6581,5
6582,34
6583,2
6584,32
6585,11
6586,22
6587,8
6588,11
6589,2
6590,23
6591,23
6592,14
6593,3
6594,11
6595,3
6596,16
6597,25
6598,5
6599,32
6600,16
6601,13
6602,13
6603,13
6604,2
6605,3
6606,33
6607,5
6608,14
6609,15
6610,3
6611,5
6612,3
6613,11
6614,6
6615,13
6616,13
6617,12
6618,5
6619,11
6620,11
6621,5
6622,13
6623,16
6624,33
6625,23
6626,2
6627,16
6628,15
6629,4
6630,13
6631,25
6632,14
6633,7
6634,16
6635,11
6636,8
6637,14
6638,33
6639,15
6640,13
6641,23
6642,13
6643,3
6644,4
6645,16
6646,6
6647,14
6648,15
6649,22
6650,16
6651,4
6652,8
6653,12
6654,12
6655,15
6656,23
6657,11
6658,32
6659,8
6660,33
6661,7
6662,8
6663,23
6664,25
6665,12
6666,23
6667,23
6668,5
6669,32
6670,33
6671,11
6672,2
6673,16
6674,8
6675,5
6676,22
6677,15
6678,13
6679,16
6680,6
6681,4
6682,2
6683,22
6684,11
6685,5
6686,23
6687,2
6688,14
6689,15
6690,23
6691,11
6692,23
6693,14
6694,32
6695,33
6696,25
6697,33
6698,14
6699,13
6700,11
6701,23
6702,23
6703,25
6704,12
6705,2
6706,22
6707,33
6708,4
6709,15
6710,14
6711,3
6712,33
6713,34
6714,2
6715,14
6716,13
6717,33
6718,8
6719,23
6720,6
6721,7
6722,4
6723,23
6724,14
6725,12
6726,22
6727,32
6728,8
6729,5
6730,4
6731,14
6732,11
6733,15
6734,6
6735,13
6736,16
6737,4
6738,7
6739,12
6740,23
6741,16
6742,12
6743,6
6744,8
6745,7
6746,33
6747,13
6748,11
6749,7
6750,34
6751,32
6752,13
6753,11
6754,16
6755,16
6756,2
6757,22
6758,4
6759,16
6760,7
6761,4
6762,23
6763,23
6764,6
6765,22
6766,13
6767,3
6768,7
6769,34
6770,15
6771,2
6772,8
6773,14
6774,4
6775,14
6776,32
6777,22
6778,3
6779,23
6780,16
6781,15
6782,14
6783,12
6784,22
6785,15
6786,16
6787,8
6788,4
6789,3
6790,33
6791,33
6792,25
6793,32
6794,5
6795,13
6796,4
6797,12
6798,23
6799,23
6800,14
6801,5
6802,5
6803,23
6804,23
6805,33
6806,12
6807,32
6808,6
6809,3
6810,33
6811,23
6812,23
6813,15
6814,13
6815,23
6816,3
6817,14
6818,12
6819,2
6820,22
6821,23
6822,4
6823,34
6824,23
6825,6
6826,22
6827,5
6828,12
6829,25
6830,25
6831,32
6832,16
6833,12
6834,3
6835,2
6836,11
6837,5
6838,33
6839,2
6840,22
6841,6
6842,11
6843,11
6844,25
6845,23
6846,13
6847,14
6848,25
6849,7
6850,7
6851,13
6852,32
6853,23
6854,25
6855,2
6856,2
6857,22
6858,32
6859,32
6860,34
6861,22
6862,5
6863,22
6864,2
6865,11
6866,34
6867,4
6868,5
6869,34
6870,22
6871,23
6872,3
6873,2
6874,5
6875,11
6876,15
6877,7
6878,3
6879,32
6880,6
6881,2
6882,33
6883,32
6884,11
6885,4
6886,2
6887,15
6888,23
6889,23
6890,12
6891,11
6892,7
6893,34
6894,12
6895,22
6896,33
6897,15
6898,3
6899,4
6900,12
6901,32
6902,14
6903,8
6904,2
6905,6
6906,23
6907,3
6908,5
6909,8
6910,23
6911,2
6912,3
6913,7
6914,23
6915,33
6916,8
6917,23
6918,8
6919,13
6920,25
6921,4
6922,12
6923,34
6924,3
6925,15
6926,23
6927,23
6928,5
6929,16
6930,23
6931,2
6932,4
6933,25
6934,14
6935,5
6936,2
6937,23
6938,23
6939,32
6940,32
6941,12
6942,11
6943,12
6944,11
6945,32
6946,23
6947,3
6948,14
6949,2
6950,33
6951,11
6952,6
6953,25
6954,5
6955,5
6956,6
6957,15
6958,14
6959,14
6960,23
6961,8
6962,11
6963,15
6964,6
6965,5
6966,3
6967,15
6968,14
6969,33
6970,25
6971,16
6972,23
6973,14
6974,6
6975,32
6976,34
6977,11
6978,32
6979,25
6980,34
6981,23
6982,11
6983,15
6984,2
6985,12
6986,4
6987,23
6988,33
6989,8
6990,8
6991,4
6992,4
6993,7
6994,25
6995,4
6996,7
6997,16
6998,5
6999,34
7000,14
7001,8
7002,4
7003,22
7004,16
7005,7
7006,22
7007,12
7008,12
7009,3
7010,16
7011,23
7012,32
7013,34
7014,11
7015,15
7016,11
7017,14
7018,14
7019,23
7020,3
7021,23
7022,3
7023,23
7024,34
7025,8
7026,4
7027,14
7028,11
7029,6
7030,12
7031,4
7032,2
7033,7
7034,25
7035,23
7036,23
7037,6
7038,23
7039,22
7040,23
7041,4
7042,16
7043,22
7044,5
7045,33
7046,3
7047,5
7048,15
7049,11
7050,32
7051,7
7052,33
7053,5
7054,16
7055,8
7056,11
7057,25
7058,13
7059,8
7060,8
7061,16
7062,11
7063,5
7064,23
7065,12
7066,6
7067,34
7068,2
7069,14
7070,5
7071,15
7072,16
7073,15
7074,8
7075,22
7076,16
7077,3
7078,2
7079,7
7080,15
7081,7
7082,4
7083,6
7084,16
7085,34
7086,16
7087,32
7088,8
7089,4
7090,32
7091,5
7092,22
7093,3
7094,8
7095,16
7096,22
7097,2
7098,5
7099,5
7100,16
7101,15
7102,12
7103,4
7104,23
7105,15
7106,13
7107,2
7108,14
7109,25
7110,15
7111,23
7112,32
7113,15
7114,7
7115,13
7116,3
7117,7
7118,32
7119,14
7120,13
7121,16
7122,8
7123,11
7124,6
7125,25
7126,11
7127,11
7128,3
7129,22
7130,23
7131,16
7132,16
7133,15
7134,23
7135,7
7136,15
7137,16
7138,34
7139,34
7140,3
7141,7
7142,6
7143,7
7144,2
7145,2
7146,6
7147,23
7148,22
7149,32
7150,3
7151,25
7152,6
7153,13
7154,5
7155,32
7156,15
7157,22
7158,14
7159,25
7160,23
7161,16
7162,8
7163,8
7164,22
7165,4
7166,23
7167,16
7168,15
7169,11
7170,14
7171,23
7172,4
7173,23
7174,5
7175,6
7176,3
7177,6
7178,3
7179,16
7180,14
7181,7
7182,34
7183,7
7184,13
7185,22
7186,14
7187,22
7188,32
7189,14
7190,11
7191,7
7192,13
7193,11
7194,25
7195,2
7196,12
7197,15
7198,12
7199,23
7200,11
7201,22
7202,2
7203,13
7204,34
7205,4
7206,4
7207,6
7208,22
7209,7
7210,32
7211,7
7212,2
7213,14
7214,33
7215,14
7216,16
7217,7
7218,8
7219,14
7220,13
7221,6
7222,5
7223,6
7224,13
7225,6
7226,34
7227,15
7228,13
7229,14
7230,13
7231,4
7232,23
7233,11
7234,14
7235,8
7236,14
7237,16
7238,16
7239,12
7240,12
7241,7
7242,6
7243,4
7244,23
7245,23
7246,6
7247,25
7248,16
7249,33
7250,25
7251,3
7252,4
7253,15
7254,5
7255,25
7256,11
7257,8
7258,16
7259,34
7260,22
7261,11
7262,14
7263,6
7264,4
7265,8
7266,33
7267,23
7268,23
7269,16
7270,4
7271,16
7272,6
7273,8
7274,23
7275,16
7276,33
7277,22
7278,23
7279,34
7280,23
7281,2
7282,22
7283,8
7284,23
7285,12
7286,16
7287,23
7288,33
7289,4
7290,5
7291,5
7292,23
7293,34
7294,33
7295,14
7296,12
7297,6
7298,3
7299,25
7300,23
7301,14
7302,23
7303,25
7304,14
7305,23
7306,6
7307,25
7308,4
7309,3
7310,4
7311,22
7312,7
7313,34
7314,8
7315,14
7316,2
7317,6
7318,15
7319,7
7320,13
7321,15
7322,33
7323,33
7324,25
7325,6
7326,12
7327,6
7328,33
7329,6
7330,14
7331,23
7332,23
7333,2
7334,2
7335,6
7336,16
7337,13
7338,32
7339,25
7340,14
7341,3
7342,16
7343,3
7344,5
7345,6
7346,13
7347,5
7348,3
7349,34
7350,7
7351,14
7352,5
7353,12
7354,7
7355,8
7356,25
7357,16
7358,15
7359,6
7360,33
7361,12
7362,16
7363,8
7364,11
7365,33
7366,25
7367,15
7368,12
7369,32
7370,16
7371,33
7372,7
7373,2
7374,32
7375,5
7376,4
7377,14
7378,11
7379,2
7380,6
7381,12
7382,15
7383,13
7384,13
7385,8
7386,25
7387,11
7388,33
7389,6
7390,32
7391,32
7392,5
7393,15
7394,32
7395,33
7396,22
7397,6
7398,3
7399,16
7400,2
7401,11
7402,23
7403,12
7404,23
7405,13
7406,32
7407,8
7408,22
7409,15
7410,13
7411,6
7412,12
7413,4
7414,23
7415,22
7416,11
7417,8
7418,11
7419,5
7420,34
7421,32
7422,6
7423,15
7424,5
7425,25
7426,25
7427,5
7428,32
7429,22
7430,5
7431,14
7432,13
7433,5
7434,14
7435,15
7436,34
7437,34
7438,22
7439,13
7440,3
7441,5
7442,33
7443,22
7444,15
7445,16
7446,14
7447,33
7448,16
7449,2
7450,16
7451,13
7452,33
7453,23
7454,15
7455,2
7456,3
7457,5
7458,23
7459,23
7460,34
7461,23
7462,6
7463,23
7464,33
7465,23
7466,6
7467,22
7468,15
7469,7
7470,14
7471,6
7472,34
7473,3
7474,15
7475,5
7476,2
7477,4
7478,32
7479,12
7480,5
7481,7
7482,7
7483,13
7484,22
7485,15
7486,6
7487,6
7488,34
7489,11
7490,8
7491,7
7492,23
7493,23
7494,4
7495,7
7496,13
7497,11
7498,23
7499,34
7500,15
7501,12
7502,22
7503,14
7504,12
7505,8
7506,2
7507,5
7508,23
7509,11
7510,23
7511,15
7512,13
7513,5
7514,4
7515,13
7516,5
7517,23
7518,16
7519,7
7520,13
7521,16
7522,23
7523,13
7524,25
7525,2
7526,13
7527,5
7528,22
7529,16
7530,3
7531,16
7532,11
7533,15
7534,5
7535,32
7536,3
7537,4
7538,14
7539,4
7540,16
7541,5
7542,4
7543,14
7544,34
7545,25
7546,8
7547,5
7548,23
7549,5
7550,33
7551,23
7552,22
7553,7
7554,5
7555,12
7556,16
7557,5
7558,4
7559,12
7560,8
7561,22
7562,22
7563,34
7564,4
7565,4
7566,6
7567,23
7568,7
7569,15
7570,7
7571,12
7572,8
7573,14
7574,5
7575,3
7576,32
7577,16
7578,3
7579,15
7580,13
7581,15
7582,11
7583,4
7584,3
7585,11
7586,7
7587,23
7588,5
7589,5
7590,4
7591,15
7592,2
7593,16
7594,34
7595,13
7596,5
7597,11
7598,4
7599,16
7600,5
7601,33
7602,5
7603,23
7604,5
7605,32
7606,6
7607,4
7608,22
7609,12
7610,23
7611,12
7612,32
7613,5
7614,32
7615,14
7616,32
7617,16
7618,2
7619,11
7620,23
7621,23
7622,14
7623,16
7624,25
7625,14
7626,15
7627,5
7628,13
7629,13
7630,23
7631,14
7632,33
7633,7
7634,5
7635,23
7636,22
7637,33
7638,33
7639,7
7640,25
7641,5
7642,11
7643,4
7644,14
7645,2
7646,22
7647,15
7648,22
7649,23
7650,7
7651,16
7652,13
7653,12
7654,22
7655,25
7656,12
7657,32
7658,12
7659,22
7660,11
7661,23
7662,33
7663,33
7664,34
7665,11
7666,15
7667,8
7668,5
7669,33
7670,14
7671,2
7672,2
7673,6
7674,13
7675,7
7676,33
7677,8
7678,2
7679,34
7680,15
7681,12
7682,6
7683,3
7684,3
7685,4
7686,34
7687,3
7688,8
7689,34
7690,12
7691,16
7692,8
7693,16
7694,15
7695,6
7696,5
7697,3
7698,22
7699,25
7700,25
7701,16
7702,4
7703,6
7704,3
7705,13
7706,5
7707,3
7708,5
7709,7
7710,8
7711,3
7712,23
7713,33
7714,23
7715,6
7716,3
7717,22
7718,2
7719,8
7720,5
7721,32
7722,23
7723,13
7724,32
7725,23
7726,6
7727,13
7728,23
7729,3
7730,6
7731,5
7732,33
7733,8
7734,32
7735,2
7736,34
7737,23
7738,34
7739,4
7740,8
7741,16
7742,23
7743,23
7744,14
7745,2
7746,14
7747,4
7748,4
7749,15
7750,5
7751,34
7752,16
7753,5
7754,23
7755,16
7756,32
7757,34
7758,23
7759,11
7760,23
7761,16
7762,5
7763,8
7764,3
7765,8
7766,33
7767,22
7768,11
7769,7
7770,5
7771,23
7772,34
7773,7
7774,11
7775,23
7776,23
7777,14
7778,4
7779,16
7780,7
7781,8
7782,7
7783,4
7784,33
7785,23
7786,14
7787,25
7788,3
7789,8
7790,16
7791,7
7792,22
7793,15
7794,25
7795,32
7796,8
7797,14
7798,5
7799,6
7800,13
7801,15
7802,6
7803,23
7804,15
7805,3
7806,12
7807,8
7808,7
7809,11
7810,7
7811,13
7812,34
7813,13
7814,16
7815,3
7816,22
7817,14
7818,6
7819,2
7820,25
7821,11
7822,16
7823,11
7824,5
7825,5
7826,16
7827,11
7828,23
7829,7
7830,25
7831,2
7832,12
7833,3
7834,34
7835,6
7836,23
7837,23
7838,22
7839,25
7840,23
7841,32
7842,12
7843,8
7844,7
7845,32
7846,23
7847,33
7848,4
7849,5
7850,16
7851,7
7852,23
7853,23
7854,32
7855,5
7856,12
7857,33
7858,23
7859,33
7860,33
7861,23
7862,22
7863,13
7864,32
7865,12
7866,23
7867,2
7868,23
7869,13
7870,33
7871,25
7872,4
7873,32
7874,14
7875,34
7876,4
7877,14
7878,33
7879,25
7880,15
7881,22
7882,3
7883,14
7884,34
7885,13
7886,22
7887,25
7888,15
7889,2
7890,25
7891,22
7892,32
7893,16
7894,23
7895,23
7896,11
7897,15
7898,2
7899,13
7900,13
7901,32
7902,6
7903,22
7904,16
7905,13
7906,2
7907,5
7908,7
7909,13
7910,2
7911,25
7912,8
7913,34
7914,16
7915,12
7916,34
7917,15
7918,2
7919,23
7920,16
7921,15
7922,25
7923,13
7924,7
7925,13
7926,11
7927,32
7928,23
7929,5
7930,13
7931,3
7932,33
7933,6
7934,25
7935,5
7936,23
7937,23
7938,13
7939,12
7940,4
7941,13
7942,6
7943,11
7944,14
7945,32
7946,23
7947,23
7948,12
7949,23
7950,23
7951,3
7952,5
7953,23
7954,23
7955,11
7956,32
7957,34
7958,12
7959,23
7960,11
7961,7
7962,34
7963,6
7964,12
7965,6
7966,4
7967,13
7968,15
7969,34
7970,32
7971,5
7972,12
7973,13
7974,5
7975,11
7976,22
7977,2
7978,2
7979,12
7980,7
7981,2
7982,12
7983,32
7984,33
7985,4
7986,3
7987,14
7988,8
7989,5
7990,12
7991,16
7992,12
7993,11
7994,16
7995,3
7996,8
7997,7
7998,15
7999,13
8000,15
8001,4
8002,6
8003,11
8004,11
8005,8
8006,34
8007,3
8008,33
8009,3
8010,25
8011,2
8012,8
8013,32
8014,5
8015,25
8016,15
8017,5
8018,33
8019,16
8020,32
8021,5
8022,32
8023,23
8024,32
8025,23
8026,22
8027,25
8028,4
8029,12
8030,23
8031,23
8032,12
8033,11
8034,22
8035,16
8036,22
8037,13
8038,11
8039,7
8040,25
8041,2
8042,33
8043,3
8044,6
8045,13
8046,25
8047,23
8048,15
8049,25
8050,23
8051,2
8052,11
8053,14
8054,7
8055,5
8056,12
8057,23
8058,33
8059,2
8060,6
8061,4
8062,13
8063,23
8064,5
8065,23
8066,23
8067,22
8068,4
8069,12
8070,8
8071,34
8072,5
8073,11
8074,6
8075,34
8076,4
8077,23
8078,4
8079,4
8080,6
8081,6
8082,23
8083,23
8084,7
8085,11
8086,11
8087,13
8088,23
8089,16
8090,12
8091,8
8092,32
8093,7
8094,32
8095,2
8096,15
8097,11
8098,15
8099,6
8100,22
8101,8
8102,6
8103,14
8104,14
8105,4
8106,14
8107,32
8108,2
8109,8
8110,16
8111,11
8112,16
8113,16
8114,14
8115,33
8116,2
8117,2
8118,23
8119,23
8120,23
8121,4
8122,8
8123,25
8124,2
8125,3
8126,25
8127,7
8128,23
8129,34
8130,14
8131,11
8132,3
8133,3
8134,5
8135,32
8136,22
8137,33
8138,23
8139,3
8140,16
8141,23
8142,15
8143,7
8144,16
8145,13
8146,2
8147,14
8148,25
8149,14
8150,34
8151,15
8152,8
8153,2
8154,7
8155,12
8156,23
8157,25
8158,6
8159,33
8160,8
8161,23
8162,32
8163,34
8164,6
8165,2
8166,6
8167,14
8168,3
8169,25
8170,5
8171,23
8172,22
8173,2
8174,8
8175,8
8176,12
8177,2
8178,14
8179,22
8180,22
8181,22
8182,6
8183,14
8184,13
8185,33
8186,11
8187,32
8188,34
8189,23
8190,11
8191,6
8192,22
8193,34
8194,5
8195,22
8196,22
8197,34
8198,32
8199,5
8200,25
8201,23
8202,11
8203,4
8204,22
8205,15
8206,15
8207,15
8208,13
8209,2
8210,25
8211,8
8212,4
8213,12
8214,33
8215,12
8216,33
8217,22
8218,13
8219,4
8220,33
8221,2
8222,11
8223,22
8224,22
8225,7
8226,4
8227,2
8228,32
8229,14
8230,8
8231,11
8232,5
8233,11
8234,6
8235,23
8236,2
8237,23
8238,34
8239,23
8240,22
8241,22
8242,2
8243,32
8244,6
8245,13
8246,12
8247,4
8248,6
8249,25
8250,4
8251,8
8252,14
8253,4
8254,4
8255,13
8256,11
8257,4
8258,8
8259,22
8260,33
8261,32
8262,14
8263,14
8264,15
8265,6
8266,7
8267,23
8268,15
8269,12
8270,8
8271,4
8272,2
8273,15
8274,15
8275,15
8276,34
8277,23
8278,5
8279,16
8280,13
8281,15
8282,4
8283,3
8284,12
8285,33
8286,8
8287,8
8288,13
8289,3
8290,13
8291,16
8292,6
8293,13
8294,11
8295,13
8296,5
8297,34
8298,11
8299,4
8300,22
8301,5
8302,11
8303,32
8304,23
8305,13
8306,11
8307,6
8308,33
8309,23
8310,5
8311,13
8312,8
8313,11
8314,2
8315,4
8316,25
8317,13
8318,11
8319,4
8320,8
8321,25
8322,11
8323,32
8324,15
8325,6
8326,5
8327,7
8328,25
8329,23
8330,12
8331,34
8332,7
8333,12
8334,11
8335,8
8336,33
8337,11
8338,15
8339,25
8340,32
8341,3
8342,33
8343,8
8344,4
8345,4
8346,15
8347,2
8348,5
8349,25
8350,15
8351,23
8352,25
8353,23
8354,6
8355,14
8356,32
8357,16
8358,22
8359,15
8360,6
8361,32
8362,5
8363,16
8364,33
8365,4
8366,33
8367,12
8368,14
8369,2
8370,15
8371,22
8372,33
8373,7
8374,12
8375,34
8376,4
8377,3
8378,13
8379,5
8380,23
8381,8
8382,2
8383,13
8384,16
8385,2
8386,13
8387,32
8388,22
8389,23
8390,23
8391,3
8392,33
8393,11
8394,5
8395,3
8396,3
8397,22
8398,5
8399,8
8400,8
8401,33
8402,23
8403,6
8404,22
8405,4
8406,33
8407,14
8408,12
8409,3
8410,22
8411,14
8412,15
8413,14
8414,23
8415,3
8416,3
8417,6
8418,15
8419,23
8420,33
8421,33
8422,25
8423,16
8424,25
8425,25
8426,4
8427,23
8428,33
8429,6
8430,3
8431,11
8432,7
8433,13
8434,4
8435,5
8436,23
8437,6
8438,12
8439,25
8440,2
8441,13
8442,33
8443,7
8444,6
8445,16
8446,34
8447,4
8448,7
8449,3
8450,23
8451,3
8452,4
8453,34
8454,5
8455,13
8456,12
8457,15
8458,25
8459,8
8460,23
8461,5
8462,32
8463,32
8464,16
8465,23
8466,5
8467,23
8468,22
8469,7
8470,11
8471,12
8472,23
8473,4
8474,16
8475,34
8476,34
8477,33
8478,8
8479,22
8480,7
8481,2
8482,8
8483,12
8484,8
8485,15
8486,7
8487,12
8488,2
8489,14
8490,23
8491,5
8492,12
8493,13
8494,6
8495,34
8496,25
8497,23
8498,8
8499,16
8500,11
8501,4
8502,23
8503,5
8504,2
8505,8
8506,2
8507,14
8508,16
8509,16
8510,6
8511,33
8512,11
8513,16
8514,3
8515,2
8516,6
8517,32
8518,3
8519,14
8520,23
8521,2
8522,4
8523,32
8524,16
8525,6
8526,33
8527,32
8528,34
8529,4
8530,16
8531,11
8532,5
8533,32
8534,5
8535,23
8536,12
8537,32
8538,12
8539,22
8540,34
8541,23
8542,12
8543,4
8544,33
8545,23
8546,2
8547,34
8548,16
8549,14
8550,16
8551,5
8552,7
8553,4
8554,4
8555,7
8556,3
8557,2
8558,6
8559,15
8560,4
8561,15
8562,7
8563,16
8564,13
8565,15
8566,5
8567,34
8568,33
8569,2
8570,22
8571,32
8572,23
8573,22
8574,6
8575,16
8576,34
8577,8
8578,25
8579,6
8580,8
8581,33
8582,12
8583,16
8584,2
8585,33
8586,8
8587,32
8588,12
8589,32
8590,14
8591,34
8592,33
8593,13
8594,8
8595,32
8596,3
8597,13
8598,33
8599,4
8600,2
8601,15
8602,16
8603,3
8604,3
8605,11
8606,2
8607,25
8608,23
8609,11
8610,12
8611,5
8612,25
8613,14
8614,11
8615,32
8616,6
8617,34
8618,6
8619,23
8620,8
8621,6
8622,23
8623,34
8624,15
8625,6
8626,13
8627,23
8628,4
8629,34
8630,4
8631,33
8632,6
8633,7
8634,15
8635,16
8636,5
8637,6
8638,5
8639,8
8640,6
8641,15
8642,34
8643,15
8644,6
8645,16
8646,7
8647,7
8648,25
8649,34
8650,6
8651,33
8652,7
8653,25
8654,5
8655,25
8656,8
8657,13
8658,23
8659,33
8660,4
8661,16
8662,4
8663,23
8664,8
8665,23
8666,25
8667,33
8668,14
8669,8
8670,23
8671,15
8672,11
8673,16
8674,3
8675,5
8676,34
8677,14
8678,5
8679,4
8680,2
8681,34
8682,16
8683,22
8684,4
8685,22
8686,15
8687,25
8688,12
8689,32
8690,14
8691,2
8692,23
8693,4
8694,6
8695,12
8696,5
8697,16
8698,2
8699,34
8700,16
8701,12
8702,6
8703,8
8704,16
8705,3
8706,33
8707,23
8708,3
8709,34
8710,33
8711,6
8712,8
8713,8
8714,32
8715,2
8716,15
8717,5
8718,14
8719,5
8720,14
8721,11
8722,13
8723,8
8724,7
8725,25
8726,13
8727,16
8728,5
8729,22
8730,8
8731,13
8732,23
8733,14
8734,23
8735,14
8736,34
8737,12
8738,23
8739,8
8740,23
8741,5
8742,8
8743,33
8744,34
8745,6
8746,7
8747,5
8748,13
8749,8
8750,34
8751,23
8752,3
8753,34
8754,2
8755,15
8756,23
8757,15
8758,25
8759,8
8760,25
8761,25
8762,23
8763,33
8764,2
8765,8
8766,14
8767,23
8768,12
8769,3
8770,8
8771,11
8772,7
8773,2
8774,22
8775,2
8776,6
8777,7
8778,2
8779,22
8780,14
8781,23
8782,12
8783,11
8784,23
8785,14
8786,12
8787,3
8788,7
8789,16
8790,8
8791,15
8792,34
8793,15
8794,5
8795,23
8796,25
8797,33
8798,2
8799,14
8800,8
8801,23
8802,16
8803,3
8804,23
8805,12
8806,13
8807,22
8808,8
8809,22
8810,16
8811,8
8812,3
8813,16
8814,5
8815,23
8816,33
8817,2
8818,16
8819,32
8820,13
8821,33
8822,22
8823,5
8824,11
8825,6
8826,7
8827,7
8828,33
8829,23
8830,3
8831,8
8832,13
8833,13
8834,14
8835,3
8836,7
8837,4
8838,12
8839,8
8840,23
8841,15
8842,14
8843,25
8844,34
8845,3
8846,32
8847,22
8848,4
8849,7
8850,25
8851,23
8852,3
8853,14
8854,13
8855,12
8856,5
8857,7
8858,13
8859,4
8860,22
8861,15
8862,34
8863,7
8864,4
8865,23
8866,22
8867,5
8868,7
8869,7
8870,25
8871,2
8872,3
8873,33
8874,32
8875,4
8876,4
8877,12
8878,2
8879,13
8880,7
8881,6
8882,2
8883,25
8884,5
8885,23
8886,4
8887,7
8888,8
8889,25
8890,4
8891,8
8892,23
8893,33
8894,12
8895,3
8896,2
8897,23
8898,8
8899,8
8900,33
8901,22
8902,23
8903,33
8904,14
8905,5
8906,6
8907,6
8908,25
8909,34
8910,12
8911,33
8912,2
8913,25
8914,13
8915,25
8916,3
8917,12
8918,2
8919,34
8920,23
8921,6
8922,3
8923,32
8924,34
8925,22
8926,25
8927,32
8928,34
8929,5
8930,33
8931,32
8932,8
8933,22
8934,34
8935,2
8936,13
8937,32
8938,22
8939,15
8940,8
8941,3
8942,12
8943,33
8944,25
8945,6
8946,23
8947,6
8948,7
8949,14
8950,12
8951,8
8952,6
8953,6
8954,23
8955,2
8956,2
8957,5
8958,3
8959,3
8960,15
8961,7
8962,13
8963,5
8964,4
8965,11
8966,8
8967,33
8968,4
8969,34
8970,6
8971,2
8972,8
8973,33
8974,6
8975,14
8976,33
8977,23
8978,5
8979,2
8980,6
8981,6
8982,3
8983,7
8984,4
8985,11
8986,33
8987,4
8988,23
8989,13
8990,23
8991,25
8992,23
8993,22
8994,16
8995,32
8996,33
8997,32
8998,11
8999,6
9000,23
9001,33
9002,7
9003,8
9004,13
9005,2
9006,6
9007,22
9008,14
9009,15
9010,33
9011,15
9012,16
9013,7
9014,33
9015,12
9016,15
9017,33
9018,13
9019,16
9020,11
9021,23
9022,34
9023,5
9024,7
9025,13
9026,23
9027,23
9028,34
9029,13
9030,13
9031,16
9032,13
9033,16
9034,22
9035,23
9036,2
9037,7
9038,12
9039,23
9040,12
9041,2
9042,2
9043,34
9044,7
9045,8
9046,22
9047,16
9048,4
9049,11
9050,33
9051,2
9052,6
9053,23
9054,32
9055,15
9056,23
9057,25
9058,5
9059,3
9060,14
9061,5
9062,7
9063,6
9064,23
9065,23
9066,32
9067,8
9068,11
9069,22
9070,6
9071,16
9072,14
9073,33
9074,13
9075,23
9076,34
9077,4
9078,5
9079,32
9080,6
9081,34
9082,15
9083,16
9084,6
9085,11
9086,2
9087,23
9088,2
9089,11
9090,11
9091,22
9092,23
9093,5
9094,5
9095,22
9096,6
9097,16
9098,14
9099,12
9100,16
9101,14
9102,25
9103,25
9104,33
9105,2
9106,7
9107,14
9108,34
9109,4
9110,5
9111,14
9112,22
9113,6
9114,23
9115,12
9116,6
9117,22
9118,34
9119,15
9120,8
9121,23
9122,4
9123,4
9124,22
9125,16
9126,33
9127,6
9128,33
9129,23
9130,3
9131,34
9132,32
9133,14
9134,23
9135,25
9136,22
9137,23
9138,33
9139,32
9140,5
9141,32
9142,3
9143,2
9144,32
9145,5
9146,14
9147,2
9148,23
9149,7
9150,33
9151,8
9152,4
9153,6
9154,22
9155,2
9156,15
9157,8
9158,23
9159,25
9160,16
9161,25
9162,7
9163,23
9164,32
9165,13
9166,11
9167,34
9168,34
9169,6
9170,25
9171,22
9172,13
9173,34
9174,23
9175,8
9176,13
9177,11
9178,12
9179,23
9180,22
9181,7
9182,32
9183,23
9184,5
9185,11
9186,23
9187,15
9188,16
9189,12
9190,6
9191,34
9192,8
9193,7
9194,16
9195,23
9196,23
9197,3
9198,16
9199,23
9200,12
9201,23
9202,23
9203,2
9204,6
9205,23
9206,11
9207,22
9208,23
9209,34
9210,34
9211,32
9212,33
9213,22
9214,16
9215,7
9216,12
9217,8
9218,16
9219,34
9220,22
9221,5
9222,32
9223,22
9224,22
9225,25
9226,8
9227,7
9228,7
9229,23
9230,6
9231,34
9232,8
9233,3
9234,5
9235,13
9236,8
9237,23
9238,13
9239,25
9240,11
9241,23
9242,23
9243,12
9244,33
9245,6
9246,14
9247,5
9248,12
9249,15
9250,22
9251,22
9252,22
9253,3
9254,7
9255,5
9256,13
9257,12
9258,14
9259,15
9260,5
9261,22
9262,13
9263,8
9264,11
9265,7
9266,3
9267,14
9268,25
9269,25
9270,22
9271,4
9272,3
9273,22
9274,13
9275,4
9276,33
9277,6
9278,3
9279,11
9280,34
9281,11
9282,4
9283,2
9284,12
9285,33
9286,22
9287,12
9288,8
9289,7
9290,2
9291,23
9292,32
9293,3
9294,3
9295,23
9296,7
9297,15
9298,14
9299,8
9300,2
9301,33
9302,23
9303,15
9304,6
9305,8
9306,2
9307,14
9308,11
9309,13
9310,5
9311,33
9312,23
9313,6
9314,22
9315,12
9316,33
9317,4
9318,15
9319,11
9320,2
9321,34
9322,2
9323,13
9324,3
9325,25
9326,5
9327,25
9328,4
9329,2
9330,5
9331,25
9332,5
9333,32
9334,23
9335,22
9336,32
9337,25
9338,22
9339,22
9340,7
9341,33
9342,3
9343,8
9344,3
9345,15
9346,23
9347,11
9348,5
9349,8
9350,7
9351,14
9352,3
9353,23
9354,4
9355,25
9356,14
9357,34
9358,13
9359,13
9360,32
9361,8
9362,4
9363,22
9364,14
9365,16
9366,14
9367,12
9368,6
9369,32
9370,16
9371,12
9372,23
9373,8
9374,33
9375,32
9376,23
9377,22
9378,33
9379,16
9380,15
9381,22
9382,3
9383,33
9384,15
9385,23
9386,3
9387,23
9388,4
9389,33
9390,32
9391,3
9392,12
9393,4
9394,12
9395,15
9396,33
9397,34
9398,5
9399,15
9400,23
9401,13
9402,3
9403,4
9404,3
9405,8
9406,16
9407,32
9408,6
9409,23
9410,2
9411,22
9412,34
9413,25
9414,12
9415,13
9416,6
9417,4
9418,13
9419,4
9420,3
9421,5
9422,3
9423,7
9424,2
9425,7
9426,6
9427,2
9428,14
9429,5
9430,14
9431,33
9432,33
9433,22
9434,11
9435,15
9436,25
9437,23
9438,6
9439,11
9440,3
9441,22
9442,33
9443,7
9444,2
9445,8
9446,14
9447,12
9448,6
9449,6
9450,33
9451,8
9452,16
9453,6
9454,13
9455,23
9456,33
9457,11
9458,32
9459,12
9460,5
9461,12
9462,15
9463,22
9464,13
9465,3
9466,6
9467,5
9468,15
9469,12
9470,25
9471,14
9472,12
9473,15
9474,8
9475,4
9476,6
9477,7
9478,3
9479,3
9480,13
9481,13
9482,33
9483,16
9484,22
9485,16
9486,2
9487,25
9488,14
9489,25
9490,13
9491,12
9492,7
9493,32
9494,34
9495,33
9496,14
9497,32
9498,13
9499,16
9500,25
9501,5
9502,25
9503,14
9504,14
9505,5
9506,22
9507,25
9508,5
9509,13
9510,4
9511,6
9512,15
9513,5
9514,32
9515,3
9516,25
9517,23
9518,23
9519,23
9520,33
9521,22
9522,22
9523,32
9524,33
9525,15
9526,23
9527,23
9528,25
9529,22
9530,22
9531,23
9532,16
9533,13
9534,11
9535,23
9536,7
9537,4
9538,8
9539,6
9540,11
9541,5
9542,34
9543,13
9544,4
9545,7
9546,5
9547,5
9548,32
9549,23
9550,4
9551,16
9552,6
9553,32
9554,23
9555,3
9556,4
9557,7
9558,25
9559,2
9560,23
9561,23
9562,23
9563,23
9564,8
9565,8
9566,34
9567,22
9568,16
9569,33
9570,11
9571,2
9572,2
9573,11
9574,25
9575,3
9576,15
9577,34
9578,11
9579,33
9580,23
9581,3
9582,3
9583,15
9584,2
9585,8
9586,14
9587,14
9588,7
9589,4
9590,23
9591,3
9592,7
9593,33
9594,25
9595,22
9596,16
9597,4
9598,7
9599,3
9600,7
9601,8
9602,16
9603,23
9604,14
9605,22
9606,14
9607,13
9608,3
9609,23
9610,13
9611,23
9612,33
9613,23
9614,11
9615,3
9616,5
9617,8
9618,25
9619,23
9620,32
9621,16
9622,8
9623,8
9624,7
9625,23
9626,11
9627,23
9628,22
9629,13
9630,25
9631,3
9632,22
9633,16
9634,4
9635,4
9636,33
9637,12
9638,23
9639,2
9640,3
9641,4
9642,2
9643,22
9644,14
9645,8
9646,3
9647,14
9648,8
9649,13
9650,4
9651,25
9652,2
9653,3
9654,34
9655,2
9656,7
9657,7
9658,2
9659,33
9660,25
9661,22
9662,6
9663,23
9664,3
9665,34
9666,2
9667,33
9668,5
9669,15
9670,7
9671,16
9672,34
9673,22
9674,14
9675,7
9676,11
9677,33
9678,33
9679,16
9680,25
9681,12
9682,22
9683,16
9684,25
9685,34
9686,16
9687,8
9688,23
9689,22
9690,25
9691,2
9692,15
9693,7
9694,32
9695,25
9696,3
9697,34
9698,23
9699,3
9700,23
9701,14
9702,22
9703,16
9704,13
9705,11
9706,5
9707,13
9708,23
9709,22
9710,13
9711,2
9712,34
9713,14
9714,2
9715,16
9716,15
9717,23
9718,13
9719,25
9720,22
9721,12
9722,4
9723,32
9724,22
9725,12
9726,25
9727,23
9728,22
9729,22
9730,14
9731,12
9732,34
9733,33
9734,13
9735,7
9736,4
9737,11
9738,4
9739,25
9740,11
9741,34
9742,2
9743,16
9744,7
9745,22
9746,13
9747,7
9748,25
9749,2
9750,11
9751,34
9752,13
9753,23
9754,4
9755,25
9756,7
9757,5
9758,34
9759,15
9760,13
9761,15
9762,25
9763,5
9764,34
9765,14
9766,6
9767,22
9768,6
9769,7
9770,33
9771,22
9772,33
9773,16
9774,13
9775,5
9776,5
9777,32
9778,23
9779,16
9780,6
9781,15
9782,12
9783,14
9784,8
9785,2
9786,33
9787,3
9788,3
9789,3
9790,32
9791,4
9792,8
9793,12
9794,33
9795,12
9796,4
9797,25
9798,22
9799,23
9800,16
9801,22
9802,12
9803,33
9804,16
9805,8
9806,13
9807,34
9808,22
9809,8
9810,34
9811,16
9812,25
9813,16
9814,7
9815,13
9816,11
9817,16
9818,33
9819,23
9820,14
9821,11
9822,12
9823,7
9824,3
9825,12
9826,6
9827,13
9828,15
9829,33
9830,6
9831,2
9832,34
9833,32
9834,13
9835,15
9836,15
9837,12
9838,23
9839,8
9840,23
9841,25
9842,34
9843,34
9844,6
9845,22
9846,13
9847,23
9848,33
9849,33
9850,34
9851,14
9852,4
9853,3
9854,4
9855,8
9856,23
9857,16
9858,11
9859,2
9860,15
9861,33
9862,15
9863,8
9864,11
9865,7
9866,12
9867,3
9868,11
9869,2
9870,16
9871,2
9872,32
9873,15
9874,6
9875,8
9876,23
9877,23
9878,12
9879,12
9880,3
9881,15
9882,25
9883,33
9884,25
9885,12
9886,2
9887,15
9888,25
9889,23
9890,15
9891,34
9892,22
9893,8
9894,6
9895,6
9896,25
9897,13
9898,25
9899,7
9900,33
9901,6
9902,11
9903,15
9904,14
9905,32
9906,33
9907,34
9908,25
9909,33
9910,22
9911,23
9912,12
9913,2
9914,3
9915,8
9916,22
9917,4
9918,16
9919,3
9920,32
9921,33
9922,2
9923,3
9924,23
9925,4
9926,3
9927,23
9928,2
9929,23
9930,34
9931,34
9932,2
9933,3
9934,14
9935,5
9936,5
9937,5
9938,32
9939,4
9940,3
9941,6
9942,4
9943,7
9944,16
9945,7
9946,4
9947,15
9948,7
9949,16
9950,3
9951,13
9952,5
9953,6
9954,4
9955,23
9956,4
9957,15
9958,11
9959,25
9960,5
9961,6
9962,33
9963,7
9964,7
9965,14
9966,16
9967,13
9968,6
9969,14
9970,8
9971,14
9972,5
9973,15
9974,34
9975,23
9976,5
9977,15
9978,34
9979,6
9980,23
9981,32
9982,15
9983,7
9984,5
9985,5
9986,22
9987,12
9988,7
9989,7
9990,16
9991,11
9992,16
9993,11
9994,13
9995,25
9996,33
9997,12
9998,16
9999,8
10000,15
10001,13
10002,15
10003,16
10004,15
10005,23
10006,3
10007,23
10008,16
10009,32
10010,11
10011,15
10012,8
10013,23
10014,33
10015,7
10016,7
10017,32
10018,14
10019,11
10020,23
10021,23
10022,2
10023,33
10024,2
10025,2
10026,32
10027,15
10028,5
10029,16
10030,5
10031,34
10032,7
10033,15
10034,15
10035,25
10036,15
10037,7
10038,12
10039,13
10040,32
10041,3
10042,22
10043,15
10044,2
10045,33
10046,32
10047,6
10048,25
10049,16
10050,23
10051,23
10052,4
10053,4
10054,7
10055,32
10056,7
10057,7
10058,5
10059,7
10060,4
10061,23
10062,32
10063,14
10064,8
10065,16
10066,2
10067,25
10068,3
10069,34
10070,22
10071,11
10072,15
10073,15
10074,33
10075,7
10076,5
10077,32
10078,32
10079,2
10080,4
10081,7
10082,2
10083,4
10084,22
10085,33
10086,23
10087,8
10088,16
10089,23
10090,15
10091,4
10092,16
10093,32
10094,2
10095,16
10096,2
10097,25
10098,3
10099,23
10100,7
10101,3
10102,16
10103,16
10104,22
10105,23
10106,15
10107,13
10108,2
10109,22
10110,23
10111,33
10112,13
10113,22
10114,13
10115,6
10116,12
10117,15
10118,7
10119,13
10120,13
10121,11
10122,12
10123,16
10124,8
10125,34
10126,23
10127,8
10128,13
10129,14
10130,32
10131,16
10132,6
10133,23
10134,7
10135,16
10136,15
10137,22
10138,32
10139,2
10140,12
10141,23
10142,23
10143,8
10144,14
10145,13
10146,12
10147,3
10148,32
10149,14
10150,22
10151,12
10152,16
10153,7
10154,4
10155,23
10156,5
10157,33
10158,12
10159,3
10160,12
10161,16
10162,11
10163,32
10164,16
10165,12
10166,15
10167,32
10168,2
10169,8
10170,14
10171,7
10172,16
10173,34
10174,6
10175,14
10176,33
10177,5
10178,15
10179,5
10180,25
10181,3
10182,13
10183,12
10184,12
10185,4
10186,25
10187,34
10188,15
10189,16
10190,22
10191,32
10192,4
10193,32
10194,25
10195,32
10196,14
10197,2
10198,4
10199,3
10200,32
10201,11
10202,34
10203,5
10204,5
10205,14
10206,3
10207,4
10208,25
10209,32
10210,2
10211,15
10212,22
10213,7
10214,22
10215,25
10216,13
10217,25
10218,4
10219,33
10220,23
10221,34
10222,5
10223,4
10224,11
10225,6
10226,16
10227,23
10228,3
10229,5
10230,22
10231,4
10232,5
10233,4
10234,32
10235,4
10236,11
10237,34
10238,13
10239,16
10240,5
10241,16
10242,11
10243,2
10244,7
10245,13
10246,32
10247,13
10248,23
10249,14
10250,12
10251,33
10252,6
10253,32
10254,12
10255,14
10256,7
10257,7
10258,34
10259,22
10260,5
10261,22
10262,5
10263,13
10264,8
10265,22
10266,7
10267,8
10268,15
10269,12
10270,25
10271,32
10272,23
10273,23
10274,12
10275,5
10276,32
10277,12
10278,2
10279,8
10280,6
10281,12
10282,15
10283,25
10284,22
10285,23
10286,7
10287,11
10288,2
10289,11
10290,25
10291,22
10292,8
10293,8
10294,33
10295,22
10296,23
10297,3
10298,32
10299,6
10300,32
10301,2
10302,32
10303,13
10304,6
10305,13
10306,33
10307,11
10308,8
10309,23
10310,33
10311,4
10312,5
10313,34
10314,5
10315,4
10316,33
10317,22
10318,15
10319,25
10320,13
10321,23
10322,25
10323,16
10324,34
10325,12
10326,11
10327,12
10328,5
10329,3
10330,16
10331,34
10332,2
10333,6
10334,12
10335,33
10336,14
10337,5
10338,2
10339,8
10340,12
10341,25
10342,25
10343,15
10344,12
10345,13
10346,12
10347,32
10348,2
10349,22
10350,12
10351,8
10352,4
10353,7
10354,13
10355,15
10356,7
10357,7
10358,7
10359,2
10360,6
10361,4
10362,8
10363,23
10364,8
10365,23
10366,2
10367,23
10368,22
10369,25
10370,3
10371,3
10372,13
10373,25
10374,32
10375,15
10376,11
10377,23
10378,5
10379,14
10380,23
10381,11
10382,14
10383,22
10384,8
10385,15
10386,33
10387,3
10388,34
10389,7
10390,4
10391,8
10392,23
10393,14
10394,23
10395,16
10396,22
10397,13
10398,25
10399,22
10400,12
10401,3
10402,5
10403,16
10404,2
10405,22
10406,7
10407,4
10408,11
10409,11
10410,13
10411,6
10412,4
10413,4
10414,34
10415,6
10416,16
10417,32
10418,4
10419,23
10420,23
10421,32
10422,5
10423,4
10424,4
10425,2
10426,25
10427,8
10428,33
10429,16
10430,6
10431,23
10432,5
10433,25
10434,14
10435,15
10436,7
10437,15
10438,7
10439,23
10440,2
10441,13
10442,6
10443,16
10444,6
10445,16
10446,16
10447,34
10448,4
10449,7
10450,23
10451,25
10452,11
10453,11
10454,11
10455,15
10456,34
10457,34
10458,15
10459,14
10460,7
10461,32
10462,32
10463,4
10464,13
10465,23
10466,8
10467,6
10468,4
10469,32
10470,2
10471,8
10472,15
10473,22
10474,8
10475,5
10476,7
10477,13
10478,11
10479,25
10480,14
10481,22
10482,34
10483,7
10484,2
10485,7
10486,23
10487,5
10488,34
10489,23
10490,14
10491,12
10492,34
10493,4
10494,5
10495,12
10496,22
10497,22
10498,4
10499,5
10500,33
10501,14
10502,12
10503,34
10504,23
10505,22
10506,14
10507,32
10508,25
10509,6
10510,7
10511,11
10512,25
10513,32
10514,8
10515,15
10516,34
10517,2
10518,8
10519,3
10520,6
10521,13
10522,33
10523,8
10524,15
10525,13
10526,3
10527,11
10528,12
10529,8
10530,7
10531,13
10532,4
10533,2
10534,12
10535,25
10536,12
10537,5
10538,5
10539,15
10540,23
10541,2
10542,34
10543,7
10544,6
10545,23
10546,6
10547,2
10548,11
10549,6
10550,14
10551,22
10552,23
10553,2
10554,22
10555,2
10556,11
10557,33
10558,5
10559,6
10560,33
10561,14
10562,22
10563,15
10564,23
10565,5
10566,34
10567,7
10568,7
10569,8
10570,34
10571,25
10572,25
10573,11
10574,3
10575,25
10576,7
10577,2
10578,33
10579,4
10580,4
10581,6
10582,5
10583,5
10584,25
10585,5
10586,6
10587,15
10588,32
10589,12
10590,22
10591,4
10592,22
10593,23
10594,13
10595,4
10596,14
10597,34
10598,6
10599,23
10600,23
10601,23
10602,7
10603,22
10604,7
10605,8
10606,22
10607,7
10608,34
10609,22
10610,11
10611,23
10612,16
10613,34
10614,33
10615,34
10616,2
10617,23
10618,3
10619,12
10620,14
10621,14
10622,12
10623,16
10624,16
10625,25
10626,16
10627,22
10628,13
10629,8
10630,25
10631,13
10632,34
10633,33
10634,3
10635,23
10636,34
10637,23
10638,4
10639,3
10640,34
10641,33
10642,25
10643,12
10644,14
10645,22
10646,23
10647,25
10648,3
10649,12
10650,16
10651,25
10652,5
10653,8
10654,13
10655,2
10656,23
10657,23
10658,22
10659,5
10660,4
10661,23
10662,11
10663,25
10664,12
10665,2
10666,8
10667,4
10668,3
10669,23
10670,3
10671,11
10672,3
10673,15
10674,7
10675,4
10676,6
10677,23
10678,22
10679,23
10680,12
10681,14
10682,16
10683,32
10684,25
10685,6
10686,8
10687,22
10688,22
10689,11
10690,4
10691,16
10692,14
10693,25
10694,22
10695,6
10696,4
10697,16
10698,3
10699,4
10700,6
